{
  "method": "TRADES-AWP",
  "model": "resnet18_10",
  "dataset": "cifar10",
  "comment": "resnet18_10 cifar10 TRADES AWP evaluation",
  "run_eval_dir": "data/out/evaluation/resnet18_cifar10/last/20260513_103459_TRADES-AWP",
  "eval_metrics": {
    "clean_loss": 0.5850862556934356,
    "clean_acc": 0.8194,
    "noisy_loss": 1.943307949066162,
    "noisy_acc": 0.3377,
    "pgd_loss": 1.3919680736541749,
    "pgd_acc": 0.4929,
    "fgsm_loss": 1.2339575311660766,
    "fgsm_acc": 0.5488
  },
  "cert_metrics": {
    "mode": "hard",
    "sigma": 0.25,
    "num_img": 500,
    "N0": 100,
    "N": 10000,
    "alpha": 0.001,
    "batch": 128,
    "cert_acc_000": 0.358,
    "avg_radius": 0.2036780628757062,
    "median_radius": 0.7210768143394661,
    "radii": [
      -1.0,
      -1.0,
      -1.0,
      -1.0,
      0.7784908980456575,
      0.7996443786845846,
      -1.0,
      0.6195023679253225,
      -1.0,
      -1.0,
      -1.0,
      0.15266358187553633,
      -1.0,
      0.7996443786845846,
      -1.0,
      -1.0,
      -1.0,
      -1.0,
      -1.0,
      0.7996443786845846,
      -1.0,
      0.16206555079343735,
      -1.0,
      0.7996443786845846,
      -1.0,
      -1.0,
      -1.0,
      -1.0,
      0.19776808756789657,
      0.7996443786845846,
      0.7996443786845846,
      -1.0,
      -1.0,
      -1.0,
      0.10863147652728262,
      -1.0,
      -1.0,
      -1.0,
      0.24684265614151488,
      -1.0,
      -1.0,
      0.7996443786845846,
      -1.0,
      0.7996443786845846,
      0.2919618582148189,
      0.2526901550493796,
      -1.0,
      -1.0,
      -1.0,
      0.7996443786845846,
      0.3212743459261883,
      -1.0,
      -1.0,
      -1.0,
      0.5514513751845888,
      -1.0,
      -1.0,
      -1.0,
      -1.0,
      -1.0,
      -1.0,
      -1.0,
      0.7996443786845846,
      -1.0,
      0.7996443786845846,
      -1.0,
      -1.0,
      0.7784908980456575,
      -1.0,
      -1.0,
      -1.0,
      0.7996443786845846,
      -1.0,
      -1.0,
      -1.0,
      0.6644236196383237,
      -1.0,
      -1.0,
      -1.0,
      0.6100306250334298,
      -1.0,
      0.5608926778518687,
      -1.0,
      -1.0,
      0.7996443786845846,
      -1.0,
      0.7996443786845846,
      -1.0,
      0.10260429762710255,
      -1.0,
      -1.0,
      -1.0,
      0.1423589462328629,
      0.7996443786845846,
      -1.0,
      0.6767094767272421,
      0.7348363129819991,
      -1.0,
      0.7996443786845846,
      -1.0,
      -1.0,
      -1.0,
      0.7996443786845846,
      0.5286647503335498,
      0.7996443786845846,
      0.1236132257666196,
      -1.0,
      0.7996443786845846,
      0.17488074612070878,
      0.7996443786845846,
      -1.0,
      0.34381413844173975,
      0.2336494765010186,
      0.4461575359660546,
      -1.0,
      -1.0,
      -1.0,
      -1.0,
      -1.0,
      -1.0,
      -1.0,
      -1.0,
      -1.0,
      -1.0,
      -1.0,
      -1.0,
      -1.0,
      0.016762878819150666,
      -1.0,
      -1.0,
      -1.0,
      -1.0,
      -1.0,
      0.7996443786845846,
      -1.0,
      0.4941440094406164,
      0.7996443786845846,
      0.03731515330663135,
      -1.0,
      -1.0,
      0.32262312544835303,
      -1.0,
      0.7996443786845846,
      -1.0,
      -1.0,
      -1.0,
      0.7996443786845846,
      -1.0,
      0.5260464761949085,
      -1.0,
      -1.0,
      -1.0,
      0.7784908980456575,
      -1.0,
      -1.0,
      -1.0,
      0.3370107396643506,
      -1.0,
      -1.0,
      -1.0,
      0.7996443786845846,
      -1.0,
      0.7996443786845846,
      0.7784908980456575,
      -1.0,
      -1.0,
      -1.0,
      -1.0,
      -1.0,
      -1.0,
      0.1157846165168898,
      -1.0,
      -1.0,
      -1.0,
      0.17676220844591609,
      0.7996443786845846,
      -1.0,
      -1.0,
      -1.0,
      -1.0,
      0.5306703775282439,
      -1.0,
      0.18532020637346747,
      -1.0,
      -1.0,
      -1.0,
      0.7996443786845846,
      -1.0,
      -1.0,
      -1.0,
      -1.0,
      -1.0,
      -1.0,
      -1.0,
      -1.0,
      -1.0,
      -1.0,
      -1.0,
      0.7996443786845846,
      -1.0,
      -1.0,
      -1.0,
      -1.0,
      0.7210768143394661,
      -1.0,
      -1.0,
      -1.0,
      -1.0,
      -1.0,
      0.7996443786845846,
      -1.0,
      -1.0,
      0.21873516445617242,
      -1.0,
      -1.0,
      -1.0,
      0.7996443786845846,
      -1.0,
      -1.0,
      0.7151489650449556,
      0.03172695749826557,
      0.7996443786845846,
      -1.0,
      -1.0,
      -1.0,
      0.3329867816004014,
      0.7996443786845846,
      -1.0,
      -1.0,
      0.4702606276911735,
      0.7996443786845846,
      0.7996443786845846,
      0.05241802034638071,
      -1.0,
      -1.0,
      0.7275895071106926,
      -1.0,
      -1.0,
      -1.0,
      -1.0,
      0.4917233510396427,
      -1.0,
      -1.0,
      0.31728529000209893,
      -1.0,
      -1.0,
      -1.0,
      -1.0,
      0.7996443786845846,
      -1.0,
      -1.0,
      0.329362495849166,
      0.4956205025587473,
      -1.0,
      -1.0,
      -1.0,
      -1.0,
      0.7784908980456575,
      -1.0,
      0.5627069127251701,
      -1.0,
      -1.0,
      -1.0,
      -1.0,
      -1.0,
      -1.0,
      -1.0,
      0.28801391375497043,
      -1.0,
      -1.0,
      -1.0,
      -1.0,
      0.7996443786845846,
      0.0907339552450884,
      -1.0,
      -1.0,
      -1.0,
      -1.0,
      -1.0,
      -1.0,
      0.6836758893496957,
      -1.0,
      0.6563206654191157,
      -1.0,
      -1.0,
      0.30170598718323893,
      0.5376367761140113,
      -1.0,
      0.614641809046287,
      0.6211833179949894,
      0.5216089873297869,
      0.056807305667566664,
      0.7996443786845846,
      -1.0,
      0.4620901644436122,
      -1.0,
      0.7996443786845846,
      0.7996443786845846,
      0.5654906907984966,
      0.7430371963615241,
      0.7996443786845846,
      0.7996443786845846,
      -1.0,
      0.5617957445317001,
      0.29598699354605035,
      -1.0,
      -1.0,
      0.45405705035809196,
      -1.0,
      0.7784908980456575,
      -1.0,
      0.7996443786845846,
      -1.0,
      0.2130473861341533,
      -1.0,
      0.7275895071106926,
      -1.0,
      -1.0,
      -1.0,
      -1.0,
      -1.0,
      0.2423669651666002,
      -1.0,
      -1.0,
      -1.0,
      -1.0,
      -1.0,
      -1.0,
      -1.0,
      0.633948677169767,
      0.7996443786845846,
      0.7996443786845846,
      -1.0,
      0.7996443786845846,
      0.7996443786845846,
      0.04286132083413737,
      -1.0,
      -1.0,
      0.39012232595880636,
      -1.0,
      -1.0,
      0.7996443786845846,
      0.6767094767272421,
      -1.0,
      -1.0,
      0.22367844896688957,
      -1.0,
      0.7996443786845846,
      0.7996443786845846,
      0.5556358347995077,
      0.7996443786845846,
      -1.0,
      -1.0,
      0.7996443786845846,
      -1.0,
      -1.0,
      -1.0,
      -1.0,
      -1.0,
      -1.0,
      -1.0,
      -1.0,
      -1.0,
      -1.0,
      0.7996443786845846,
      0.4647554640292422,
      -1.0,
      -1.0,
      -1.0,
      -1.0,
      -1.0,
      0.7996443786845846,
      -1.0,
      -1.0,
      0.7996443786845846,
      -1.0,
      -1.0,
      -1.0,
      -1.0,
      0.7996443786845846,
      0.7996443786845846,
      0.14348277797967338,
      0.7996443786845846,
      -1.0,
      0.7996443786845846,
      -1.0,
      -1.0,
      0.08561884587199926,
      0.7784908980456575,
      -1.0,
      -1.0,
      0.7996443786845846,
      0.7996443786845846,
      -1.0,
      -1.0,
      0.7996443786845846,
      0.7996443786845846,
      -1.0,
      -1.0,
      -1.0,
      0.7996443786845846,
      -1.0,
      -1.0,
      -1.0,
      -1.0,
      -1.0,
      0.4229354250480232,
      -1.0,
      -1.0,
      0.7996443786845846,
      -1.0,
      0.133473635885488,
      -1.0,
      0.7996443786845846,
      0.329362495849166,
      0.7996443786845846,
      -1.0,
      0.6443873803377348,
      -1.0,
      -1.0,
      -1.0,
      -1.0,
      -1.0,
