{
  "method": "adversarial-pgd-training",
  "model": "resnet18_10",
  "dataset": "cifar10",
  "comment": "resnet18_10 cifar10 adversarial PGD training evaluation",
  "run_eval_dir": "data/out/evaluation/resnet18_cifar10/last/20260513_102434_adversarial-pgd-training",
  "eval_metrics": {
    "clean_loss": 0.6279018346786499,
    "clean_acc": 0.8024,
    "noisy_loss": 1.6700862649917603,
    "noisy_acc": 0.3879,
    "pgd_loss": 1.4475765211105347,
    "pgd_acc": 0.4757,
    "fgsm_loss": 1.265821314239502,
    "fgsm_acc": 0.5407
  },
  "cert_metrics": {
    "mode": "hard",
    "sigma": 0.25,
    "num_img": 500,
    "N0": 100,
    "N": 10000,
    "alpha": 0.001,
    "batch": 128,
    "cert_acc_000": 0.37,
    "avg_radius": 0.21448227222681077,
    "median_radius": 0.7639456866020711,
    "radii": [
      -1.0,
      -1.0,
      -1.0,
      0.24958923853021817,
      0.7996443786845846,
      0.7996443786845846,
      -1.0,
      0.7996443786845846,
      -1.0,
      -1.0,
      -1.0,
      0.7210768143394661,
      -1.0,
      0.7996443786845846,
      0.06212641980746765,
      -1.0,
      -1.0,
      0.24195472090470843,
      -1.0,
      0.7996443786845846,
      -1.0,
      0.11493795548062984,
      -1.0,
      0.7996443786845846,
      -1.0,
      -1.0,
      -1.0,
      -1.0,
      0.7639456866020711,
      0.7996443786845846,
      0.7996443786845846,
      -1.0,
      -1.0,
      -1.0,
      0.1520500168090922,
      -1.0,
      -1.0,
      -1.0,
      0.7996443786845846,
      -1.0,
      0.08985616834972625,
      0.7996443786845846,
      -1.0,
      0.7996443786845846,
      0.6379712475011602,
      0.6801126721928175,
      -1.0,
      -1.0,
      -1.0,
      0.7996443786845846,
      -1.0,
      -1.0,
      -1.0,
      -1.0,
      0.03578905791807555,
      -1.0,
      -1.0,
      -1.0,
      -1.0,
      -1.0,
      -1.0,
      -1.0,
      0.7996443786845846,
      -1.0,
      0.7996443786845846,
      -1.0,
      -1.0,
      -1.0,
      -1.0,
      -1.0,
      -1.0,
      0.7784908980456575,
      -1.0,
      0.3663938807754323,
      -1.0,
      -1.0,
      -1.0,
      -1.0,
      -1.0,
      0.17553398922585478,
      -1.0,
      0.23776799185525743,
      -1.0,
      0.060047110410327655,
      0.7996443786845846,
      -1.0,
      0.21443529805308362,
      -1.0,
      -1.0,
      -1.0,
      0.25714445512365763,
      -1.0,
      -1.0,
      0.7996443786845846,
      -1.0,
      0.7996443786845846,
      0.7996443786845846,
      -1.0,
      0.7996443786845846,
      0.2656337859502579,
      -1.0,
      -1.0,
      0.7996443786845846,
      0.5466425711971912,
      0.699938959080172,
      0.3470589112207568,
      -1.0,
      0.7996443786845846,
      0.3846033349322564,
      0.7996443786845846,
      -1.0,
      -1.0,
      0.7996443786845846,
      0.24133763382008797,
      0.1899838736689818,
      -1.0,
      -1.0,
      -1.0,
      -1.0,
      -1.0,
      -1.0,
      -1.0,
      -1.0,
      -1.0,
      -1.0,
      -1.0,
      -1.0,
      -1.0,
      0.1216800681717971,
      -1.0,
      -1.0,
      0.04037228059528442,
      -1.0,
      0.7996443786845846,
      -1.0,
      0.007400405459683994,
      0.7996443786845846,
      0.3180176575944295,
      -1.0,
      -1.0,
      0.7996443786845846,
      -1.0,
      0.7996443786845846,
      -1.0,
      -1.0,
      -1.0,
      0.7996443786845846,
      -1.0,
      0.2708139717326035,
      0.1236132257666196,
      0.7348363129819991,
      0.12210899045207621,
      0.7996443786845846,
      -1.0,
      0.32535041468311277,
      -1.0,
      -1.0,
      0.22725190578115836,
      -1.0,
      -1.0,
      0.7996443786845846,
      -1.0,
      0.604224797257134,
      0.7996443786845846,
      -1.0,
      -1.0,
      -1.0,
      -1.0,
      -1.0,
      -1.0,
      0.22939973905702493,
      -1.0,
      -1.0,
      -1.0,
      0.5369195405130914,
      0.7996443786845846,
      -1.0,
      -1.0,
      -1.0,
      -1.0,
      -1.0,
      -1.0,
      -1.0,
      -1.0,
      -1.0,
      -1.0,
      0.7996443786845846,
      -1.0,
      -1.0,
      -1.0,
      -1.0,
      -1.0,
      -1.0,
      -1.0,
      -1.0,
      -1.0,
      -1.0,
      -1.0,
      0.7996443786845846,
      -1.0,
      -1.0,
      -1.0,
      -1.0,
      0.7996443786845846,
      -1.0,
      -1.0,
      -1.0,
      -1.0,
      0.2130473861341533,
      0.7348363129819991,
      -1.0,
      -1.0,
      -1.0,
      0.5539416859672713,
      -1.0,
      0.4334453516424314,
      0.7996443786845846,
      -1.0,
      -1.0,
      -1.0,
      0.5017191636472514,
      0.7996443786845846,
      0.14664588505012013,
      -1.0,
      -1.0,
      0.6703246983993488,
      0.6513376665679166,
      -1.0,
      -1.0,
      0.7996443786845846,
      0.7996443786845846,
      0.7996443786845846,
      -1.0,
      -1.0,
      -1.0,
      0.7996443786845846,
      -1.0,
      -1.0,
      -1.0,
      -1.0,
      0.7430371963615241,
      -1.0,
      -1.0,
      0.7096995062825092,
      0.409528418026368,
      -1.0,
      -1.0,
      -1.0,
      -1.0,
      -1.0,
      -1.0,
      -1.0,
      0.7996443786845846,
      -1.0,
      -1.0,
      -1.0,
      -1.0,
      0.37595528325788635,
      -1.0,
      0.7996443786845846,
      -1.0,
      -1.0,
      -1.0,
      -1.0,
      -1.0,
      -1.0,
      -1.0,
      0.21573691770410924,
      -1.0,
      -1.0,
      -1.0,
      -1.0,
      0.7996443786845846,
      -1.0,
      -1.0,
      -1.0,
      -1.0,
      -1.0,
      -1.0,
      -1.0,
      0.6443873803377348,
      -1.0,
      0.7996443786845846,
      0.699938959080172,
      -1.0,
      0.4666941164163062,
      0.7996443786845846,
      0.5347960955282599,
      0.7996443786845846,
      0.7784908980456575,
      0.7639456866020711,
      -1.0,
      0.7996443786845846,
      -1.0,
      0.1157846165168898,
      -1.0,
      0.7996443786845846,
      0.7996443786845846,
      0.7996443786845846,
      0.7996443786845846,
      0.7996443786845846,
      0.7996443786845846,
      -1.0,
      0.06695329793025401,
      0.7996443786845846,
      -1.0,
      -1.0,
      0.14483541154651788,
      -1.0,
      0.7996443786845846,
      -1.0,
      0.7996443786845846,
      -1.0,
      -1.0,
      -1.0,
      -1.0,
      -1.0,
      -1.0,
      -1.0,
      -1.0,
      -1.0,
      0.0629724866158861,
      -1.0,
      -1.0,
      -1.0,
      -1.0,
      -1.0,
      -1.0,
      -1.0,
      0.7996443786845846,
      0.5987632425946102,
      0.7996443786845846,
      -1.0,
      0.7996443786845846,
      0.7996443786845846,
      0.7784908980456575,
      -1.0,
      -1.0,
      -1.0,
      0.608544239465263,
      -1.0,
      0.7996443786845846,
      0.32352777108037184,
      -1.0,
      -1.0,
      -1.0,
      -1.0,
      0.7996443786845846,
      0.7996443786845846,
      0.16167234468407604,
      0.7996443786845846,
      0.11663268672859928,
      -1.0,
      0.7996443786845846,
      -1.0,
      -1.0,
      -1.0,
      -1.0,
      -1.0,
      -1.0,
      0.14808492020359704,
      -1.0,
      0.6246442748297839,
      -1.0,
      0.7784908980456575,
      -1.0,
      -1.0,
      -1.0,
      -1.0,
      0.03286836429674762,
      -1.0,
      0.7996443786845846,
      0.4371349243499274,
      -1.0,
      0.4820593480529223,
      0.33864608195895135,
      -1.0,
      -1.0,
      -1.0,
      0.7996443786845846,
      0.7996443786845846,
      0.7430371963615241,
      0.7996443786845846,
      -1.0,
      -1.0,
      -1.0,
      -1.0,
      -1.0,
      -1.0,
      -1.0,
      -1.0,
      0.03394710816197509,
      0.7996443786845846,
      -1.0,
      0.13553063301150634,
      0.7996443786845846,
      0.5138090728860231,
      -1.0,
      -1.0,
      -1.0,
      0.7996443786845846,
      -1.0,
      -1.0,
      -1.0,
      -1.0,
      -1.0,
      0.7996443786845846,
      -1.0,
      -1.0,
      0.7996443786845846,
      -1.0,
      -1.0,
      -1.0,
      0.7996443786845846,
      0.7996443786845846,
