{
  "method": "TRADES-SmoothAdv-Consistency",
  "model": "resnet18_10",
  "dataset": "cifar10",
  "comment": "resnet18_10 cifar10 combined TRADES + SmoothAdv + consistency evaluation",
  "run_eval_dir": "data/out/evaluation/resnet18_cifar10/last/20260516_145326_TRADES-SmoothAdv-Consistency",
  "eval_metrics": {
    "clean_loss": 0.6939879939079284,
    "clean_acc": 0.7695,
    "noisy_loss": 1.2431328916549682,
    "noisy_acc": 0.5606,
    "pgd_loss": 1.6925856702804565,
    "pgd_acc": 0.4112,
    "fgsm_loss": 1.48638263835907,
    "fgsm_acc": 0.4689
  },
  "cert_metrics": {
    "mode": "hard",
    "sigma": 0.25,
    "num_img": 500,
    "N0": 100,
    "N": 10000,
    "alpha": 0.001,
    "batch": 128,
    "cert_acc_000": 0.558,
    "avg_radius": 0.32079319796339756,
    "median_radius": 0.699938959080172,
    "radii": [
      0.043755998911102816,
      0.7996443786845846,
      -1.0,
      -1.0,
      0.5327136186270788,
      0.6767094767272421,
      0.31467193900122725,
      0.13516260707307207,
      -1.0,
      -1.0,
      -1.0,
      0.7996443786845846,
      -1.0,
      0.7996443786845846,
      0.7996443786845846,
      0.23097292643620165,
      0.6513376665679166,
      -1.0,
      0.7996443786845846,
      0.7996443786845846,
      0.12175152889528247,
      0.5149743999673864,
      -1.0,
      0.7996443786845846,
      -1.0,
      -1.0,
      -1.0,
      -1.0,
      0.7996443786845846,
      0.7996443786845846,
      0.7996443786845846,
      -1.0,
      -1.0,
      0.058685065216121886,
      0.7996443786845846,
      -1.0,
      -1.0,
      -1.0,
      0.7996443786845846,
      0.4054886522539487,
      0.37864624511916356,
      0.7996443786845846,
      0.38967344601055964,
      0.7996443786845846,
      -1.0,
      0.7996443786845846,
      0.7996443786845846,
      -1.0,
      -1.0,
      0.7525390365960288,
      0.26826647891840943,
      0.19829412189517984,
      -1.0,
      -1.0,
      0.7525390365960288,
      0.46945927260017506,
      -1.0,
      -1.0,
      -1.0,
      -1.0,
      0.1305514468280229,
      0.32157323313659697,
      0.7784908980456575,
      -1.0,
      0.7996443786845846,
      -1.0,
      -1.0,
      0.7639456866020711,
      0.3379901361447475,
      -1.0,
      -1.0,
      0.41823429243741206,
      0.7348363129819991,
      0.7996443786845846,
      -1.0,
      0.7784908980456575,
      -1.0,
      0.6228968108827379,
      0.20892402642691207,
      0.7996443786845846,
      0.7275895071106926,
      0.7210768143394661,
      0.0984161345448283,
      0.4220943533093419,
      0.7996443786845846,
      -1.0,
      0.7996443786845846,
      -1.0,
      0.7996443786845846,
      0.51794152968839,
      -1.0,
      -1.0,
      0.7996443786845846,
      0.7996443786845846,
      -1.0,
      -1.0,
      0.7996443786845846,
      -1.0,
      0.7996443786845846,
      0.2575835743988388,
      -1.0,
      -1.0,
      0.7996443786845846,
      0.607081685909209,
      0.5498237220245901,
      -1.0,
      -1.0,
      0.7996443786845846,
      0.4655273649102355,
      0.30251712940992503,
      -1.0,
      0.7784908980456575,
      -1.0,
      0.40350974916570165,
      0.4647554640292422,
      -1.0,
      -1.0,
      -1.0,
      -1.0,
      -1.0,
      0.32565594404899106,
      -1.0,
      -1.0,
      0.7784908980456575,
      0.7525390365960288,
      -1.0,
      -1.0,
      0.6178526232284134,
      -1.0,
      -1.0,
      0.04311687842989641,
      -1.0,
      0.05486853668728079,
      0.7996443786845846,
      -1.0,
      -1.0,
      0.7996443786845846,
      0.7996443786845846,
      0.00250765719596781,
      -1.0,
      0.33378438122400683,
      0.7996443786845846,
      0.4682667563139543,
      -1.0,
      0.39725490447758277,
      -1.0,
      0.7996443786845846,
      -1.0,
      0.7348363129819991,
      -1.0,
      0.7996443786845846,
      0.6421938791251363,
      0.7784908980456575,
      0.020352307708708627,
      -1.0,
      -1.0,
      0.11663268672859928,
      0.699938959080172,
      0.015127210052913844,
      0.46591508701362805,
      0.31845844502178977,
      -1.0,
      -1.0,
      0.5829286512932752,
      0.23484803397916207,
      -1.0,
      0.7996443786845846,
      -1.0,
      -1.0,
      -1.0,
      0.7996443786845846,
      0.633948677169767,
      -1.0,
      0.13715364129073612,
      0.7996443786845846,
      0.7996443786845846,
      -1.0,
      -1.0,
      -1.0,
      -1.0,
      -1.0,
      0.227933408826775,
      0.5293292092711938,
      0.5673901962537965,
      -1.0,
      0.7996443786845846,
      0.6000988084302388,
      -1.0,
      -1.0,
      -1.0,
      0.03343937201508318,
      -1.0,
      -1.0,
      0.13759733465953686,
      -1.0,
      -1.0,
      0.7996443786845846,
      0.2770744444532445,
      0.7996443786845846,
      -1.0,
      -1.0,
      -1.0,
      0.7996443786845846,
      0.7996443786845846,
      -1.0,
      0.18692361137827568,
      -1.0,
      0.4108141617799489,
      0.5673901962537965,
      -1.0,
      -1.0,
      -1.0,
      0.7639456866020711,
      0.7996443786845846,
      -1.0,
      0.7096995062825092,
      0.7996443786845846,
      0.7996443786845846,
      -1.0,
      0.2987596791451277,
      0.7996443786845846,
      0.17923212767946747,
      0.7996443786845846,
      -1.0,
      -1.0,
      0.6537911090637826,
      -1.0,
      -1.0,
      -1.0,
      0.5347960955282599,
      0.7996443786845846,
      0.7996443786845846,
      -1.0,
      -1.0,
      0.7996443786845846,
      0.7996443786845846,
      -1.0,
      -1.0,
      0.17972830322169622,
      0.6100306250334298,
      0.7996443786845846,
      0.2594591190487219,
      -1.0,
      0.7996443786845846,
      0.6246442748297839,
      -1.0,
      0.10467528624423147,
      -1.0,
      0.7996443786845846,
      -1.0,
      -1.0,
      0.6734511600442032,
      0.7996443786845846,
      0.7996443786845846,
      -1.0,
      -1.0,
      -1.0,
      0.48294712527470773,
      -1.0,
      0.7430371963615241,
      -1.0,
      0.133473635885488,
      -1.0,
      -1.0,
      -1.0,
      0.7996443786845846,
      -1.0,
      0.7046495750995613,
      0.04177577028207992,
      0.5412968794764936,
      -1.0,
      0.19221264724676768,
      0.7996443786845846,
      0.5098221946491369,
      0.6563206654191157,
      -1.0,
      -1.0,
      -1.0,
      -1.0,
      0.37864624511916356,
      0.16753553536763793,
      -1.0,
      0.345172973494861,
      0.2522600435717065,
      -1.0,
      0.7996443786845846,
      0.7996443786845846,
      -1.0,
      0.7996443786845846,
      0.7996443786845846,
      0.7996443786845846,
      0.5027672966726988,
      0.5390858066516874,
      -1.0,
      -1.0,
      -1.0,
      0.5022420486092614,
      0.7996443786845846,
      0.7996443786845846,
      0.7784908980456575,
      0.7996443786845846,
      0.4996507811713202,
      0.19506463362176352,
      0.44483072480562613,
      0.6616304920975951,
      -1.0,
      -1.0,
      0.5027672966726988,
      -1.0,
      0.1923847506287323,
      0.7996443786845846,
      0.7996443786845846,
      -1.0,
      0.38700738974096893,
      -1.0,
      0.7996443786845846,
      -1.0,
      -1.0,
      0.5161518813658386,
      0.24715798691851618,
      0.5412968794764936,
      -1.0,
      -1.0,
      -1.0,
      -1.0,
      -1.0,
      -1.0,
      -1.0,
      -1.0,
      -1.0,
      0.7996443786845846,
      0.7996443786845846,
      -1.0,
      0.7639456866020711,
      0.7996443786845846,
      0.7996443786845846,
      -1.0,
      0.7996443786845846,
      0.7996443786845846,
      0.22754376314517494,
      -1.0,
      0.7996443786845846,
      -1.0,
      0.037187917453154265,
      -1.0,
      0.7996443786845846,
      -1.0,
      0.4105560998844403,
      0.7996443786845846,
      -1.0,
      0.7996443786845846,
      0.350717649014854,
      -1.0,
      0.7996443786845846,
      -1.0,
      -1.0,
      -1.0,
      -1.0,
      -1.0,
      -1.0,
