{
  "method": "TRADES-AWP-masked-pgdmasked",
  "model": "resnet18_10",
  "dataset": "cifar10",
  "comment": "resnet18_10 cifar10 TRADES AWP masked PGD-masked evaluation",
  "run_eval_dir": "data/out/evaluation/resnet18_cifar10/last/20260513_214831_TRADES-AWP-masked-pgdmasked",
  "eval_metrics": {
    "clean_loss": 0.7525221441268921,
    "clean_acc": 0.7574,
    "noisy_loss": 1.5458673652648927,
    "noisy_acc": 0.4507,
    "pgd_loss": 1.5273673805236816,
    "pgd_acc": 0.4413,
    "fgsm_loss": 1.4003386972427367,
    "fgsm_acc": 0.4816
  },
  "cert_metrics": {
    "mode": "hard",
    "sigma": 0.25,
    "num_img": 500,
    "N0": 100,
    "N": 10000,
    "alpha": 0.001,
    "batch": 128,
    "cert_acc_000": 0.456,
    "avg_radius": 0.271287490570202,
    "median_radius": 0.7096995062825092,
    "radii": [
      -1.0,
      0.18022521903960778,
      -1.0,
      0.5556358347995077,
      0.7996443786845846,
      0.7996443786845846,
      -1.0,
      0.7996443786845846,
      0.6211833179949894,
      -1.0,
      -1.0,
      0.7996443786845846,
      -1.0,
      0.7996443786845846,
      0.7639456866020711,
      -1.0,
      0.3136652376589716,
      -1.0,
      0.01827359785659381,
      0.7996443786845846,
      -1.0,
      0.7996443786845846,
      -1.0,
      0.7996443786845846,
      -1.0,
      0.39261503027627714,
      -1.0,
      0.058749880427944025,
      0.5974465186067771,
      0.7996443786845846,
      0.7996443786845846,
      -1.0,
      -1.0,
      -1.0,
      0.7996443786845846,
      -1.0,
      -1.0,
      -1.0,
      0.7996443786845846,
      0.213509262226702,
      0.0758314979058215,
      0.7996443786845846,
      -1.0,
      0.7996443786845846,
      0.5514513751845888,
      0.6000988084302388,
      0.7996443786845846,
      -1.0,
      -1.0,
      0.7996443786845846,
      0.7996443786845846,
      -1.0,
      -1.0,
      -1.0,
      0.5785390786730116,
      -1.0,
      0.32611518990632343,
      -1.0,
      -1.0,
      0.11247644153910472,
      -1.0,
      0.5306703775282439,
      0.7784908980456575,
      -1.0,
      0.7996443786845846,
      -1.0,
      -1.0,
      -1.0,
      -1.0,
      -1.0,
      -1.0,
      0.7996443786845846,
      -1.0,
      -1.0,
      0.20992646356340794,
      0.5149743999673864,
      -1.0,
      -1.0,
      -1.0,
      -1.0,
      0.1040531929560057,
      0.4682667563139543,
      -1.0,
      -1.0,
      0.633948677169767,
      -1.0,
      0.7996443786845846,
      -1.0,
      0.5354992695959615,
      -1.0,
      0.5216089873297869,
      -1.0,
      0.5313472006429092,
      0.7996443786845846,
      -1.0,
      0.20494873152119863,
      0.7996443786845846,
      -1.0,
      0.7996443786845846,
      0.3008981349055034,
      -1.0,
      -1.0,
      0.5582305216894935,
      0.7996443786845846,
      0.6913567089317129,
      -1.0,
      -1.0,
      0.7996443786845846,
      0.1423589462328629,
      0.7996443786845846,
      -1.0,
      0.7784908980456575,
      0.09958031527211898,
      0.3854732240644403,
      -1.0,
      -1.0,
      -1.0,
      -1.0,
      -1.0,
      -1.0,
      -1.0,
      -1.0,
      -1.0,
      0.17569749563522485,
      -1.0,
      -1.0,
      -1.0,
      0.7639456866020711,
      -1.0,
      -1.0,
      -1.0,
      0.11240628339227954,
      -1.0,
      0.7996443786845846,
      -1.0,
      -1.0,
      0.7996443786845846,
      -1.0,
      -1.0,
      -1.0,
      0.5654906907984966,
      0.46246752261828505,
      0.5818125370785585,
      -1.0,
      0.44682594992953006,
      -1.0,
      0.7996443786845846,
      -1.0,
      0.5498237220245901,
      -1.0,
      -1.0,
      0.4632256067156648,
      0.7996443786845846,
      0.7996443786845846,
      -1.0,
      -1.0,
      0.3725036254123866,
      0.6874168892291687,
      -1.0,
      0.18456347012124558,
      0.051580991706803796,
      -1.0,
      0.2175132007263533,
      0.7996443786845846,
      -1.0,
      -1.0,
      0.15955621128016734,
      -1.0,
      -1.0,
      -1.0,
      0.6056421340017006,
      0.10710115383409005,
      -1.0,
      -1.0,
      0.6421938791251363,
      0.7996443786845846,
      -1.0,
      -1.0,
      -1.0,
      -1.0,
      -1.0,
      -1.0,
      -1.0,
      -1.0,
      -1.0,
      -1.0,
      0.7996443786845846,
      -1.0,
      -1.0,
      0.3315599336485667,
      -1.0,
      -1.0,
      -1.0,
      -1.0,
      -1.0,
      -1.0,
      0.6130784536825001,
      -1.0,
      0.7996443786845846,
      -1.0,
      -1.0,
      -1.0,
      -1.0,
      0.7996443786845846,
      -1.0,
      0.7639456866020711,
      -1.0,
      -1.0,
      -1.0,
      0.6703246983993488,
      -1.0,
      -1.0,
      -1.0,
      0.7996443786845846,
      -1.0,
      0.7996443786845846,
      0.7996443786845846,
      0.7096995062825092,
      -1.0,
      0.16340560531154605,
      0.6489554440091028,
      0.7525390365960288,
      0.7996443786845846,
      -1.0,
      -1.0,
      0.4017997041274209,
      0.4598491153099389,
      -1.0,
      -1.0,
      0.7996443786845846,
      0.7430371963615241,
      0.7996443786845846,
      -1.0,
      -1.0,
      -1.0,
      0.7996443786845846,
      -1.0,
      -1.0,
      -1.0,
      0.3521322779581729,
      0.7996443786845846,
      -1.0,
      -1.0,
      0.7996443786845846,
      0.7996443786845846,
      -1.0,
      -1.0,
      -1.0,
      0.6874168892291687,
      -1.0,
      -1.0,
      0.7784908980456575,
      0.7996443786845846,
      -1.0,
      -1.0,
      0.17365926386760427,
      -1.0,
      0.7996443786845846,
      -1.0,
      0.572302968090126,
      -1.0,
      0.19715553175335598,
      -1.0,
      -1.0,
      0.4861065334546216,
      0.16395882151744548,
      -1.0,
      0.33330539742699156,
      -1.0,
      0.37969355128958715,
      -1.0,
      -1.0,
      0.7996443786845846,
      0.15986895440760332,
      -1.0,
      -1.0,
      -1.0,
      -1.0,
      -1.0,
      0.3691246193106404,
      0.7996443786845846,
      0.016888739303344655,
      0.6955205444683852,
      0.3456852877362497,
      0.7525390365960288,
      0.7996443786845846,
      0.7996443786845846,
      0.5703087169918559,
      0.7996443786845846,
      0.4304449676241425,
      0.7996443786845846,
      -1.0,
      0.7996443786845846,
      -1.0,
      0.7639456866020711,
      -1.0,
      0.7996443786845846,
      0.7996443786845846,
      0.7996443786845846,
      0.7996443786845846,
      0.7996443786845846,
      0.7996443786845846,
      -1.0,
      -1.0,
      0.699938959080172,
      -1.0,
      -1.0,
      0.37330910329238776,
      0.4069905141634085,
      0.7639456866020711,
      -1.0,
      0.7996443786845846,
      -1.0,
      0.7996443786845846,
      -1.0,
      0.7996443786845846,
      -1.0,
      -1.0,
      -1.0,
      -1.0,
      0.2709304621273375,
      0.29068008767404974,
      -1.0,
      -1.0,
      -1.0,
      -1.0,
      -1.0,
      -1.0,
      -1.0,
      0.602828929985211,
      0.7348363129819991,
      0.7996443786845846,
      -1.0,
      0.7996443786845846,
      0.7996443786845846,
      0.6801126721928175,
      -1.0,
      -1.0,
      0.7996443786845846,
      0.09351029872854498,
      -1.0,
      0.7996443786845846,
      -1.0,
      -1.0,
      -1.0,
      0.22570074102527982,
      -1.0,
      0.6466400188500935,
      0.7996443786845846,
      0.5599975538065698,
      0.7996443786845846,
      0.2613499660747921,
      0.3152495887341318,
      0.7996443786845846,
      -1.0,
      -1.0,
      -1.0,
      -1.0,
      -1.0,
      -1.0,
      0.023631636498278825,
      -1.0,
      0.7639456866020711,
      -1.0,
      0.4690605075737191,
      -1.0,
      -1.0,
      -1.0,
      -1.0,
      0.21977339705879423,
      -1.0,
      0.7996443786845846,
      0.6589317718914884,
      -1.0,
      0.7996443786845846,
      -1.0,
      -1.0,
      -1.0,
      -1.0,
      0.7996443786845846,
      0.7996443786845846,
      0.7996443786845846,
      0.7996443786845846,
      -1.0,
      0.5354992695959615,
