{
  "method": "smooth-adv-masked-pgdclean",
  "model": "resnet18_10",
  "dataset": "cifar10",
  "comment": "resnet18_10 cifar10 smooth-adv masked PGD-clean evaluation",
  "run_eval_dir": "data/out/evaluation/resnet18_cifar10/last/20260513_104713_smooth-adv-masked-pgdclean",
  "eval_metrics": {
    "clean_loss": 0.6354265810966492,
    "clean_acc": 0.8221,
    "noisy_loss": 1.0022613923072814,
    "noisy_acc": 0.736,
    "pgd_loss": 6.111566192626953,
    "pgd_acc": 0.2078,
    "fgsm_loss": 4.047948223114013,
    "fgsm_acc": 0.3374
  },
  "cert_metrics": {
    "mode": "hard",
    "sigma": 0.25,
    "num_img": 500,
    "N0": 100,
    "N": 10000,
    "alpha": 0.001,
    "batch": 128,
    "cert_acc_000": 0.798,
    "avg_radius": 0.44522482644180184,
    "median_radius": 0.6537911090637826,
    "radii": [
      0.283027568396649,
      0.7996443786845846,
      0.40010914918641427,
      0.4529992724967407,
      0.47187890367672647,
      0.7996443786845846,
      0.7784908980456575,
      -1.0,
      0.1087011390771284,
      -1.0,
      0.367169428772986,
      0.7996443786845846,
      -1.0,
      0.7996443786845846,
      0.7996443786845846,
      0.7996443786845846,
      0.38700738974096893,
      0.7784908980456575,
      0.5936037367889884,
      0.7639456866020711,
      0.24185176667058744,
      0.7996443786845846,
      -1.0,
      0.7996443786845846,
      -1.0,
      0.39701948794770936,
      0.5923568480067831,
      -1.0,
      0.28650555823708906,
      0.7996443786845846,
      0.7996443786845846,
      0.3648537382743867,
      0.1668970698317641,
      0.2845111274167383,
      0.7996443786845846,
      -1.0,
      0.2612383096903973,
      -1.0,
      0.7996443786845846,
      0.7151489650449556,
      0.7996443786845846,
      0.7996443786845846,
      0.7784908980456575,
      0.7784908980456575,
      0.589911207914677,
      0.7996443786845846,
      0.5299977329053328,
      0.2162032589841531,
      0.2911918409720492,
      0.667318802937995,
      0.7996443786845846,
      0.32905073250408284,
      -1.0,
      -1.0,
      0.7996443786845846,
      0.31904776924818357,
      0.2809434264898843,
      0.2525825543232533,
      -1.0,
      0.16673763135216296,
      0.7996443786845846,
      0.1296057890380022,
      0.7996443786845846,
      -1.0,
      0.7784908980456575,
      0.02262209161591463,
      0.13435403270495366,
      0.7996443786845846,
      0.5514513751845888,
      0.27803520504270957,
      -1.0,
      0.7151489650449556,
      0.46591508701362805,
      0.7996443786845846,
      0.2349481672085933,
      0.7784908980456575,
      0.7046495750995613,
      0.1452872787927306,
      0.4922035530280471,
      0.7430371963615241,
      0.5774718727082291,
      -1.0,
      0.7996443786845846,
      0.7996443786845846,
      0.5547852835837858,
      -1.0,
      -1.0,
      -1.0,
      0.7996443786845846,
      0.7996443786845846,
      0.19724296415015924,
      -1.0,
      0.7996443786845846,
      0.7996443786845846,
      0.39034726066104486,
      0.42378156269704814,
      0.7151489650449556,
      0.5209893113483349,
      0.7996443786845846,
      0.7996443786845846,
      0.21835859748459613,
      -1.0,
      0.7348363129819991,
      0.7784908980456575,
      0.7996443786845846,
      0.7996443786845846,
      -1.0,
      0.7996443786845846,
      0.33733660594097165,
      0.7996443786845846,
      0.3456852877362497,
      0.2620210454891264,
      0.5852002769035897,
      0.23837634115968112,
      0.667318802937995,
      0.6211833179949894,
      0.7784908980456575,
      0.41159111792360653,
      -1.0,
      -1.0,
      0.12541017297503967,
      -1.0,
      0.7525390365960288,
      0.7784908980456575,
      -1.0,
      0.08354357106347764,
      0.34671448153555745,
      0.3841702115471027,
      -1.0,
      0.18397611539761852,
      0.47900204661485113,
      0.7996443786845846,
      0.04254194599661683,
      0.7996443786845846,
      0.7430371963615241,
      0.3041494281296071,
      0.6466400188500935,
      0.7996443786845846,
      0.382449669996362,
      -1.0,
      0.6537911090637826,
      0.7996443786845846,
      0.48565010577202855,
      0.3524877785854875,
      0.7996443786845846,
      0.21010910252918236,
      0.7996443786845846,
      -1.0,
      0.5664359561987167,
      0.7996443786845846,
      0.7996443786845846,
      0.27327323830055533,
      0.6466400188500935,
      0.548221068176264,
      0.7996443786845846,
      0.326268526762874,
      0.5427968666121084,
      0.7784908980456575,
      -1.0,
      0.7348363129819991,
      0.4260632522885664,
      0.33652305596452897,
      0.7639456866020711,
      0.7784908980456575,
      -1.0,
      -1.0,
      0.6767094767272421,
      -1.0,
      -1.0,
      0.19307411719368997,
      0.7996443786845846,
      0.19558602042695122,
      -1.0,
      0.5703087169918559,
      0.7996443786845846,
      0.7996443786845846,
      0.3737133655791821,
      0.38833463863411627,
      -1.0,
      0.7996443786845846,
      0.7046495750995613,
      0.7784908980456575,
      0.7996443786845846,
      -1.0,
      0.08254163888864659,
      0.7996443786845846,
      0.28143198441072015,
      0.2805777386895911,
      0.4229354250480232,
      0.6913567089317129,
      -1.0,
      0.07450991514989844,
      0.6767094767272421,
      0.7996443786845846,
      0.3108177149461665,
      -1.0,
      0.7996443786845846,
      0.44582458837030914,
      0.7996443786845846,
      0.1087011390771284,
      0.4179625551150259,
      0.3695184996311732,
      0.7996443786845846,
      0.7996443786845846,
      0.7996443786845846,
      0.5132308794724592,
      0.604224797257134,
      0.2644986357552274,
      0.7996443786845846,
      0.7784908980456575,
      -1.0,
      -1.0,
      0.5048924125991301,
      0.09875830298525999,
      0.496116797958768,
      0.7996443786845846,
      0.7996443786845846,
      0.7430371963615241,
      -1.0,
      0.5829286512932752,
      0.42349894949727945,
      0.5313472006429092,
      0.7996443786845846,
      0.7639456866020711,
      0.13715364129073612,
      0.24031253856736237,
      -1.0,
      0.7348363129819991,
      -1.0,
      0.316847226242304,
      0.7996443786845846,
      0.7996443786845846,
      0.10246649969722656,
      -1.0,
      0.7151489650449556,
      0.7996443786845846,
      0.3404625755468582,
      0.0037618164136015487,
      0.018966306102320588,
      0.7996443786845846,
      0.7996443786845846,
      0.7996443786845846,
      -1.0,
      0.38202248288619445,
      0.7996443786845846,
      0.32703713518224886,
      0.7096995062825092,
      -1.0,
      0.7996443786845846,
      0.015315893178805893,
      0.3559027556603772,
      0.4118510333487847,
      0.7996443786845846,
      0.6734511600442032,
      -1.0,
      -1.0,
      0.13113436945406906,
      0.7996443786845846,
      -1.0,
      0.7639456866020711,
      0.3503658161593699,
      0.6734511600442032,
      0.018210633773082525,
      0.13208322573764858,
      -1.0,
      0.5450874316353342,
      -1.0,
      0.7996443786845846,
      0.7996443786845846,
      0.20235791763809066,
      -1.0,
      -1.0,
      0.7996443786845846,
      0.1832224984261734,
      0.5334033348819408,
      -1.0,
      0.051001890887355614,
      -1.0,
      0.35572128806673475,
      0.2651790439440714,
      0.3991516663809523,
      0.49913935966096257,
      0.7784908980456575,
      0.7996443786845846,
      -1.0,
      0.7996443786845846,
      0.7430371963615241,
      -1.0,
      0.7996443786845846,
      0.7996443786845846,
      0.7996443786845846,
      0.4454924738561128,
      0.699938959080172,
      0.21074926056050244,
      0.7096995062825092,
      0.12822717795677444,
      0.7996443786845846,
      0.7996443786845846,
      0.7210768143394661,
      0.7996443786845846,
      0.7996443786845846,
      0.7996443786845846,
      0.08555180306082273,
      -1.0,
      0.7996443786845846,
