{
  "method": "gaussian-noise",
  "model": "resnet18_10",
  "dataset": "cifar10",
  "comment": "resnet18_10 cifar10 gaussian evaluation",
  "run_eval_dir": "data/out/evaluation/resnet18_cifar10/last/20260513_101912_gaussian-noise",
  "eval_metrics": {
    "clean_loss": 0.5528568806648254,
    "clean_acc": 0.8485,
    "noisy_loss": 0.8739787687301636,
    "noisy_acc": 0.767,
    "pgd_loss": 8.033940364837646,
    "pgd_acc": 0.1473,
    "fgsm_loss": 4.66112227935791,
    "fgsm_acc": 0.3139
  },
  "cert_metrics": {
    "mode": "hard",
    "sigma": 0.25,
    "num_img": 500,
    "N0": 100,
    "N": 10000,
    "alpha": 0.001,
    "batch": 128,
    "cert_acc_000": 0.8,
    "avg_radius": 0.42099757491690365,
    "median_radius": 0.584629030373055,
    "radii": [
      0.21788861250179276,
      0.7639456866020711,
      0.48294712527470773,
      0.5948673053991422,
      0.06898342042612757,
      0.6644236196383237,
      0.387890949976631,
      0.15838574381827017,
      0.27327323830055533,
      0.09452910955097281,
      0.616232829604616,
      0.7996443786845846,
      -1.0,
      0.7996443786845846,
      0.7996443786845846,
      0.7996443786845846,
      0.4246328386766423,
      0.6589317718914884,
      0.5120832628181198,
      0.7996443786845846,
      -1.0,
      0.38330756638397967,
      0.12246671606957704,
      0.7996443786845846,
      -1.0,
      0.3597596499535627,
      0.42926288937146984,
      0.2952017173916382,
      0.5443183820900037,
      0.699938959080172,
      0.7996443786845846,
      -1.0,
      0.26826647891840943,
      -1.0,
      0.7996443786845846,
      -1.0,
      0.09351029872854498,
      -1.0,
      0.7996443786845846,
      0.3524877785854875,
      0.7996443786845846,
      0.7430371963615241,
      0.7430371963615241,
      0.7275895071106926,
      -1.0,
      0.7784908980456575,
      0.3737133655791821,
      0.03470902397120843,
      0.3725036254123866,
      0.4269285968905622,
      0.633948677169767,
      0.5490193238826457,
      -1.0,
      0.0840785260811331,
      0.7996443786845846,
      0.3953818100568279,
      0.4798677883266129,
      -1.0,
      -1.0,
      -1.0,
      0.7996443786845846,
      -1.0,
      0.7639456866020711,
      -1.0,
      0.7784908980456575,
      0.28663084044403153,
      0.005204410513297644,
      0.6703246983993488,
      0.10095289860345935,
      0.1478573627422266,
      -1.0,
      0.4478349421975685,
      0.6056421340017006,
      0.7996443786845846,
      0.34466216600902927,
      0.7996443786845846,
      0.08147448545233789,
      0.11324880318555558,
      0.2226252075422314,
      0.7996443786845846,
      0.5011986178277382,
      -1.0,
      0.7996443786845846,
      0.7639456866020711,
      0.2961181684343051,
      -1.0,
      0.1387827550009724,
      -1.0,
      0.7996443786845846,
      0.7784908980456575,
      0.2838917146968952,
      -1.0,
      0.7639456866020711,
      0.7996443786845846,
      0.4295574616955947,
      0.36332792173422007,
      0.5654906907984966,
      0.08582001410863255,
      0.7996443786845846,
      0.7996443786845846,
      0.23776799185525743,
      0.17365926386760427,
      0.699938959080172,
      0.7210768143394661,
      0.7996443786845846,
      0.7996443786845846,
      0.13575159702053685,
      0.7996443786845846,
      0.3112421685514076,
      0.7996443786845846,
      0.33203429838107534,
      0.7996443786845846,
      0.1472511701720517,
      0.22329497504787593,
      0.20271392171785832,
      0.31993523110121547,
      0.5608926778518687,
      0.6000988084302388,
      0.06813148099954111,
      0.2596807704389163,
      0.27256779242033535,
      -1.0,
      0.7784908980456575,
      0.7996443786845846,
      0.020352307708708627,
      -1.0,
      0.31641017260222937,
      0.5875267844913576,
      0.4252032471122221,
      -1.0,
      0.5299977329053328,
      0.7996443786845846,
      0.3336245781906769,
      0.7996443786845846,
      0.34313867366243955,
      0.4198757278799294,
      0.7996443786845846,
      0.7784908980456575,
      0.40825394618197963,
      -1.0,
      0.5490193238826457,
      0.7996443786845846,
      0.5636263462673812,
      0.09161294380798363,
      0.7996443786845846,
      -1.0,
      0.7784908980456575,
      -1.0,
      0.3096903714743656,
      0.5126556205886809,
      0.7996443786845846,
      0.30634703295455523,
      0.4941440094406164,
      0.4461575359660546,
      0.7996443786845846,
      0.21084082916085223,
      0.3989132522300331,
      0.7996443786845846,
      -1.0,
      0.7151489650449556,
      0.3588332397937963,
      0.17050346306706468,
      0.14064158001633972,
      0.2454809140689758,
      -1.0,
      -1.0,
      0.5911261582824705,
      0.03331246362750656,
      -1.0,
      0.14762993378434372,
      0.7275895071106926,
      -1.0,
      -1.0,
      0.43466414405861165,
      0.7430371963615241,
      0.7996443786845846,
      0.6264272374346697,
      0.25835402719938805,
      -1.0,
      0.7996443786845846,
      0.5654906907984966,
      0.6264272374346697,
      0.6228968108827379,
      0.18794043251461298,
      0.15427880246896947,
      0.7525390365960288,
      0.3265755844755429,
      0.007839724723897594,
      0.03458201177786164,
      0.6301063246464266,
      -1.0,
      0.27504682479324993,
      0.5306703775282439,
      0.6359362700328686,
      0.39012232595880636,
      -1.0,
      0.7996443786845846,
      0.7784908980456575,
      0.7996443786845846,
      -1.0,
      0.24673763656341938,
      0.012926775232616237,
      0.7996443786845846,
      0.6589317718914884,
      0.7639456866020711,
      0.6000988084302388,
      0.5320282609984829,
      0.16340560531154605,
      0.7996443786845846,
      0.5334033348819408,
      -1.0,
      -1.0,
      0.5531049162755474,
      0.16897628143562213,
      0.10995660618908953,
      0.7784908980456575,
      0.7996443786845846,
      0.6513376665679166,
      -1.0,
      0.5936037367889884,
      0.4698593095215288,
      0.5852002769035897,
      0.7996443786845846,
      0.564554214160863,
      -1.0,
      0.5753716721049287,
      -1.0,
      0.7996443786845846,
      -1.0,
      0.15512756784471524,
      0.7996443786845846,
      0.7996443786845846,
      -1.0,
      0.03210733734414729,
      0.4118510333487847,
      0.7996443786845846,
      0.5001644496336647,
      0.15551399005584046,
      0.3040128879582971,
      0.7996443786845846,
      0.7996443786845846,
      0.6703246983993488,
      -1.0,
      0.5974465186067771,
      0.7996443786845846,
      0.4240647468092354,
      0.5070573572540064,
      -1.0,
      0.7639456866020711,
      0.4537035024647237,
      0.4136836679551996,
      0.25001457432019186,
      0.7996443786845846,
      0.7996443786845846,
      -1.0,
      0.2349481672085933,
      0.3318760385015832,
      0.7996443786845846,
      -1.0,
      0.7996443786845846,
      0.365045465860731,
      0.7639456866020711,
      0.008467399086232365,
      0.15427880246896947,
      -1.0,
      0.7784908980456575,
      -1.0,
      0.7996443786845846,
      0.5875267844913576,
      0.2858802660975014,
      -1.0,
      0.04471529451973004,
      0.7996443786845846,
      0.5764161610834171,
      0.4142115907636148,
      -1.0,
      0.3048335489534341,
      -1.0,
      0.05357807324600661,
      0.018336563492061985,
      0.6836758893496957,
      0.5143902348427628,
      0.7430371963615241,
      0.7996443786845846,
      0.13656275611996668,
      0.7996443786845846,
      0.5863564867387286,
      -1.0,
      0.7996443786845846,
      0.7996443786845846,
      0.7996443786845846,
      0.5155616035108643,
      0.6443873803377348,
      0.22396641408705995,
      0.7348363129819991,
      0.35791194401889437,
      0.7996443786845846,
      0.7996443786845846,
      0.7784908980456575,
      0.7784908980456575,
      0.7996443786845846,
      0.616232829604616,
      0.09425726304122439,
      -1.0,
