{
  "method": "trades",
  "model": "resnet18_10",
  "dataset": "cifar10",
  "comment": "resnet18_10 cifar10 trades evaluation",
  "run_eval_dir": "data/out/evaluation/resnet18_cifar10/last/20260513_102711_trades",
  "eval_metrics": {
    "clean_loss": 0.5754195972442627,
    "clean_acc": 0.8175,
    "noisy_loss": 1.9106023853302,
    "noisy_acc": 0.383,
    "pgd_loss": 1.4984524158477783,
    "pgd_acc": 0.4845,
    "fgsm_loss": 1.2989781089782715,
    "fgsm_acc": 0.5451
  },
  "cert_metrics": {
    "mode": "hard",
    "sigma": 0.25,
    "num_img": 500,
    "N0": 100,
    "N": 10000,
    "alpha": 0.001,
    "batch": 128,
    "cert_acc_000": 0.374,
    "avg_radius": 0.21327723666778875,
    "median_radius": 0.7151489650449556,
    "radii": [
      -1.0,
      -1.0,
      -1.0,
      0.055578985115890586,
      0.7996443786845846,
      0.7996443786845846,
      -1.0,
      0.017581077398519745,
      -1.0,
      -1.0,
      -1.0,
      0.4912450779383276,
      -1.0,
      0.7996443786845846,
      0.37070592745732256,
      -1.0,
      -1.0,
      -1.0,
      -1.0,
      0.7996443786845846,
      -1.0,
      0.22176651275717071,
      -1.0,
      0.7996443786845846,
      -1.0,
      -1.0,
      -1.0,
      -1.0,
      0.10689280496418054,
      0.7996443786845846,
      0.7996443786845846,
      -1.0,
      -1.0,
      -1.0,
      0.4215364181548426,
      -1.0,
      -1.0,
      -1.0,
      0.7996443786845846,
      -1.0,
      0.0577133588705916,
      0.7996443786845846,
      -1.0,
      0.7996443786845846,
      0.12082335656539872,
      0.23474793991262533,
      -1.0,
      -1.0,
      -1.0,
      0.7996443786845846,
      -1.0,
      -1.0,
      -1.0,
      -1.0,
      0.6616304920975951,
      -1.0,
      -1.0,
      -1.0,
      -1.0,
      -1.0,
      -1.0,
      -1.0,
      0.7996443786845846,
      -1.0,
      0.7996443786845846,
      -1.0,
      -1.0,
      0.564554214160863,
      -1.0,
      -1.0,
      -1.0,
      0.6466400188500935,
      -1.0,
      -1.0,
      -1.0,
      0.7430371963615241,
      -1.0,
      -1.0,
      -1.0,
      0.36332792173422007,
      -1.0,
      -1.0,
      -1.0,
      -1.0,
      0.7996443786845846,
      -1.0,
      0.7996443786845846,
      -1.0,
      0.5654906907984966,
      -1.0,
      0.5273478072281221,
      -1.0,
      0.23315172276399607,
      0.7996443786845846,
      -1.0,
      0.6874168892291687,
      0.7525390365960288,
      -1.0,
      0.7996443786845846,
      -1.0,
      -1.0,
      -1.0,
      0.7996443786845846,
      0.19221264724676768,
      0.7639456866020711,
      -1.0,
      -1.0,
      0.7996443786845846,
      -1.0,
      0.7996443786845846,
      -1.0,
      0.4861065334546216,
      0.7996443786845846,
      0.43933440988737293,
      -1.0,
      -1.0,
      -1.0,
      -1.0,
      -1.0,
      0.3310868090145668,
      -1.0,
      -1.0,
      -1.0,
      -1.0,
      -1.0,
      -1.0,
      -1.0,
      -1.0,
      -1.0,
      -1.0,
      0.08280868027232063,
      -1.0,
      -1.0,
      0.7996443786845846,
      -1.0,
      0.6489554440091028,
      0.7996443786845846,
      0.18964238334180317,
      -1.0,
      0.22541090305606604,
      0.5818125370785585,
      -1.0,
      0.7996443786845846,
      -1.0,
      -1.0,
      -1.0,
      0.7996443786845846,
      -1.0,
      0.18313887049551722,
      0.1333270727347328,
      -1.0,
      -1.0,
      0.7996443786845846,
      -1.0,
      -1.0,
      -1.0,
      -1.0,
      0.51794152968839,
      -1.0,
      -1.0,
      0.7996443786845846,
      -1.0,
      0.7784908980456575,
      0.7996443786845846,
      -1.0,
      0.18330614775963908,
      -1.0,
      -1.0,
      -1.0,
      -1.0,
      0.3620043288032314,
      -1.0,
      -1.0,
      -1.0,
      0.2325556840599959,
      0.7996443786845846,
      -1.0,
      -1.0,
      -1.0,
      -1.0,
      0.11261678603375617,
      -1.0,
      -1.0,
      -1.0,
      -1.0,
      -1.0,
      0.7996443786845846,
      -1.0,
      -1.0,
      -1.0,
      -1.0,
      -1.0,
      -1.0,
      -1.0,
      -1.0,
      -1.0,
      -1.0,
      -1.0,
      0.7996443786845846,
      -1.0,
      -1.0,
      -1.0,
      0.20315952992435335,
      0.7639456866020711,
      -1.0,
      -1.0,
      -1.0,
      -1.0,
      -1.0,
      0.7996443786845846,
      -1.0,
      -1.0,
      0.05151663188432278,
      -1.0,
      -1.0,
      0.7210768143394661,
      0.7996443786845846,
      -1.0,
      -1.0,
      0.28426314463124186,
      0.1684953828638235,
      0.7996443786845846,
      0.1924708379758883,
      -1.0,
      -1.0,
      0.7996443786845846,
      0.7996443786845846,
      -1.0,
      -1.0,
      0.7348363129819991,
      0.7996443786845846,
      0.7996443786845846,
      -1.0,
      -1.0,
      -1.0,
      0.7151489650449556,
      -1.0,
      -1.0,
      -1.0,
      -1.0,
      0.3689280375953924,
      -1.0,
      -1.0,
      0.18313887049551722,
      -1.0,
      -1.0,
      -1.0,
      -1.0,
      0.7996443786845846,
      -1.0,
      -1.0,
      -1.0,
      0.7639456866020711,
      -1.0,
      -1.0,
      -1.0,
      -1.0,
      0.5547852835837858,
      -1.0,
      0.7784908980456575,
      -1.0,
      -1.0,
      -1.0,
      -1.0,
      -1.0,
      -1.0,
      -1.0,
      0.7784908980456575,
      -1.0,
      0.03801515317881762,
      -1.0,
      -1.0,
      0.7996443786845846,
      -1.0,
      -1.0,
      -1.0,
      -1.0,
      -1.0,
      -1.0,
      -1.0,
      0.498123169136779,
      -1.0,
      0.7996443786845846,
      0.21084082916085223,
      -1.0,
      0.20396332392483307,
      0.07477404953695567,
      -1.0,
      0.7639456866020711,
      0.48888204035539995,
      0.6379712475011602,
      0.33045789094892747,
      0.7784908980456575,
      -1.0,
      0.4263511033772735,
      -1.0,
      0.7996443786845846,
      0.7996443786845846,
      0.21139086048157452,
      0.7210768143394661,
      0.7996443786845846,
      0.7996443786845846,
      -1.0,
      0.5987632425946102,
      0.7275895071106926,
      -1.0,
      -1.0,
      0.15067299126949923,
      -1.0,
      0.6359362700328686,
      -1.0,
      0.7996443786845846,
      -1.0,
      0.37657223273037227,
      -1.0,
      0.7996443786845846,
      -1.0,
      -1.0,
      -1.0,
      -1.0,
      -1.0,
      0.04343639805591871,
      -1.0,
      -1.0,
      -1.0,
      -1.0,
      -1.0,
      -1.0,
      -1.0,
      0.7275895071106926,
      0.7525390365960288,
      0.7996443786845846,
      -1.0,
      0.7996443786845846,
      0.7996443786845846,
      0.3429702148677691,
      -1.0,
      -1.0,
      0.49661519190381637,
      0.4926857016910148,
      -1.0,
      0.7996443786845846,
      -1.0,
      -1.0,
      -1.0,
      0.22377440301991697,
      -1.0,
      0.7046495750995613,
      0.7996443786845846,
      0.6913567089317129,
      0.7996443786845846,
      -1.0,
      -1.0,
      0.7996443786845846,
      -1.0,
      -1.0,
      -1.0,
      -1.0,
      -1.0,
      -1.0,
      -1.0,
      -1.0,
      0.32428502556933103,
      -1.0,
      0.7996443786845846,
      0.5006803875639823,
      -1.0,
      -1.0,
      -1.0,
      -1.0,
      -1.0,
      0.7996443786845846,
      0.09046373964170297,
      -1.0,
      0.7996443786845846,
      -1.0,
      -1.0,
      -1.0,
      -1.0,
      0.7996443786845846,
      0.7996443786845846,
      0.3876695844384257,
      0.7996443786845846,
      -1.0,
      0.7996443786845846,
      -1.0,
      -1.0,
      -1.0,
      0.5022420486092614,
      -1.0,
      -1.0,
      0.5936037367889884,
      0.7996443786845846,
      -1.0,
      -1.0,
      0.7996443786845846,
      0.51794152968839,
      -1.0,
      -1.0,
      -1.0,
      0.7996443786845846,
      -1.0,
      -1.0,
      -1.0,
      -1.0,
      -1.0,
      0.17586108059068975,
      -1.0,
      -1.0,
      0.7996443786845846,
      -1.0,
      0.5840577838425204,
      -1.0,
      0.7996443786845846,
      0.3592031861915087,
      0.7996443786845846,
      -1.0,
