{
  "method": "TRADES-SmoothAdv-Consistency",
  "model": "resnet18_10",
  "dataset": "cifar10",
  "comment": "resnet18_10 cifar10 combined TRADES + SmoothAdv + consistency evaluation",
  "run_eval_dir": "data/out/evaluation/resnet18_cifar10/last/20260513_215125_TRADES-SmoothAdv-Consistency",
  "eval_metrics": {
    "clean_loss": 0.5993304039478302,
    "clean_acc": 0.8083,
    "noisy_loss": 1.3850666301727295,
    "noisy_acc": 0.5106,
    "pgd_loss": 1.779465965270996,
    "pgd_acc": 0.4241,
    "fgsm_loss": 1.5027553213119507,
    "fgsm_acc": 0.4905
  },
  "cert_metrics": {
    "mode": "hard",
    "sigma": 0.25,
    "num_img": 500,
    "N0": 100,
    "N": 10000,
    "alpha": 0.001,
    "batch": 128,
    "cert_acc_000": 0.51,
    "avg_radius": 0.2851314611032263,
    "median_radius": 0.6836758893496957,
    "radii": [
      -1.0,
      0.06682248970885268,
      -1.0,
      -1.0,
      0.3401309106124507,
      0.7996443786845846,
      -1.0,
      0.5506343692735309,
      0.350717649014854,
      -1.0,
      -1.0,
      0.7996443786845846,
      -1.0,
      0.7996443786845846,
      0.7996443786845846,
      -1.0,
      0.17824198068447256,
      -1.0,
      0.4422161070091873,
      0.7996443786845846,
      -1.0,
      -1.0,
      -1.0,
      0.7996443786845846,
      -1.0,
      -1.0,
      -1.0,
      0.11939882458114487,
      0.7151489650449556,
      0.7996443786845846,
      0.7996443786845846,
      -1.0,
      -1.0,
      -1.0,
      0.7639456866020711,
      -1.0,
      -1.0,
      -1.0,
      0.7996443786845846,
      -1.0,
      0.37864624511916356,
      0.7996443786845846,
      -1.0,
      0.7996443786845846,
      -1.0,
      0.7639456866020711,
      0.7996443786845846,
      -1.0,
      -1.0,
      0.7996443786845846,
      0.6421938791251363,
      -1.0,
      -1.0,
      -1.0,
      0.7525390365960288,
      -1.0,
      -1.0,
      -1.0,
      -1.0,
      -1.0,
      0.30676183392780365,
      0.20191351274391375,
      0.7996443786845846,
      -1.0,
      0.699938959080172,
      0.2599026341992394,
      -1.0,
      0.3568130423486785,
      0.2043212713514997,
      -1.0,
      0.18355722438232908,
      0.7996443786845846,
      -1.0,
      0.27233314448651913,
      0.2745724635728609,
      0.7996443786845846,
      -1.0,
      0.6734511600442032,
      0.1699400461593762,
      0.4655273649102355,
      -1.0,
      -1.0,
      0.0653196254281343,
      -1.0,
      0.7996443786845846,
      -1.0,
      0.7096995062825092,
      -1.0,
      0.3468866105624726,
      0.396081491826637,
      0.36562199806270823,
      -1.0,
      0.7996443786845846,
      0.7996443786845846,
      -1.0,
      0.19576001314844818,
      0.7348363129819991,
      -1.0,
      0.7996443786845846,
      0.4874862786590071,
      -1.0,
      -1.0,
      0.7784908980456575,
      0.7996443786845846,
      0.7996443786845846,
      0.7525390365960288,
      -1.0,
      0.7996443786845846,
      0.3614403039453735,
      0.7639456866020711,
      -1.0,
      0.6955205444683852,
      0.3890025823292441,
      0.7996443786845846,
      -1.0,
      -1.0,
      -1.0,
      -1.0,
      -1.0,
      -1.0,
      -1.0,
      -1.0,
      0.004953498725652629,
      0.41580711297441725,
      -1.0,
      -1.0,
      -1.0,
      0.6466400188500935,
      -1.0,
      -1.0,
      0.20262488057392436,
      0.47644085037670286,
      -1.0,
      0.7996443786845846,
      -1.0,
      -1.0,
      0.7996443786845846,
      0.667318802937995,
      -1.0,
      -1.0,
      0.2502275245673215,
      0.6836758893496957,
      0.7996443786845846,
      0.03153680057812939,
      0.7639456866020711,
      -1.0,
      0.7996443786845846,
      -1.0,
      0.7996443786845846,
      -1.0,
      0.3743216808980141,
      0.2987596791451277,
      0.2454809140689758,
      0.4902942484879909,
      -1.0,
      -1.0,
      0.24041485896875073,
      0.5599975538065698,
      -1.0,
      0.06290737646749445,
      0.7996443786845846,
      -1.0,
      0.05506224609208883,
      0.5863564867387286,
      -1.0,
      0.2846352280093861,
      -1.0,
      -1.0,
      -1.0,
      -1.0,
      0.7210768143394661,
      -1.0,
      -1.0,
      0.06793500284431903,
      0.7639456866020711,
      0.7996443786845846,
      -1.0,
      -1.0,
      -1.0,
      -1.0,
      0.196544207039735,
      0.16538525400521067,
      -1.0,
      0.5369195405130914,
      -1.0,
      -1.0,
      0.7996443786845846,
      -1.0,
      -1.0,
      0.03903395628278004,
      -1.0,
      -1.0,
      -1.0,
      -1.0,
      -1.0,
      -1.0,
      0.6955205444683852,
      -1.0,
      0.7996443786845846,
      -1.0,
      -1.0,
      -1.0,
      -1.0,
      0.7996443786845846,
      0.17317188296506794,
      0.5961480570047015,
      -1.0,
      -1.0,
      0.3314020880580791,
      0.7639456866020711,
      -1.0,
      -1.0,
      0.589911207914677,
      0.5506343692735309,
      -1.0,
      0.5591102182720671,
      0.7996443786845846,
      0.4936559114650986,
      -1.0,
      0.2708139717326035,
      0.7996443786845846,
      0.6211833179949894,
      0.7784908980456575,
      -1.0,
      -1.0,
      0.667318802937995,
      0.35754484212432663,
      -1.0,
      -1.0,
      0.26404615929904807,
      0.7996443786845846,
      0.7996443786845846,
      -1.0,
      -1.0,
      -1.0,
      0.7784908980456575,
      -1.0,
      -1.0,
      -1.0,
      0.1159965013912894,
      0.7996443786845846,
      -1.0,
      -1.0,
      0.7784908980456575,
      0.25714445512365763,
      -1.0,
      -1.0,
      -1.0,
      0.4941440094406164,
      -1.0,
      -1.0,
      0.7275895071106926,
      0.7996443786845846,
      0.33587487927554993,
      -1.0,
      -1.0,
      -1.0,
      0.7996443786845846,
      -1.0,
      0.7996443786845846,
      -1.0,
      0.4576465361116503,
      -1.0,
      -1.0,
      0.17553398922585478,
      -1.0,
      0.1885350782171068,
      0.7996443786845846,
      -1.0,
      -1.0,
      0.09732251348354598,
      -1.0,
      0.7996443786845846,
      -1.0,
      -1.0,
      -1.0,
      0.2396994929096834,
      -1.0,
      -1.0,
      0.19367857086298784,
      0.7996443786845846,
      -1.0,
      0.351246760683452,
      0.5608926778518687,
      0.44582458837030914,
      0.7996443786845846,
      0.4956205025587473,
      0.3021111448195132,
      0.7996443786845846,
      0.7996443786845846,
      0.7996443786845846,
      -1.0,
      0.7348363129819991,
      -1.0,
      0.7996443786845846,
      -1.0,
      0.7996443786845846,
      0.7996443786845846,
      0.6320060939110094,
      0.7996443786845846,
      0.7996443786845846,
      0.699938959080172,
      -1.0,
      -1.0,
      0.7525390365960288,
      -1.0,
      -1.0,
      0.7996443786845846,
      0.16817514574178985,
      0.35864857373238135,
      -1.0,
      0.7996443786845846,
      -1.0,
      -1.0,
      -1.0,
      0.7996443786845846,
      -1.0,
      -1.0,
      -1.0,
      -1.0,
      0.6489554440091028,
      0.16104408402901957,
      -1.0,
      -1.0,
      -1.0,
      -1.0,
      -1.0,
      -1.0,
      0.01846249943518946,
      0.1868390219548555,
      0.7784908980456575,
      0.7996443786845846,
      -1.0,
      0.7996443786845846,
      0.7996443786845846,
      0.7996443786845846,
      -1.0,
      0.44817299212798944,
      0.039097656282658266,
      0.5120832628181198,
      -1.0,
      0.7996443786845846,
      0.7996443786845846,
      -1.0,
      -1.0,
      0.2457944893623791,
      -1.0,
      0.7996443786845846,
      0.7996443786845846,
      0.4343584249050423,
      0.7996443786845846,
      -1.0,
      0.04413962795725917,
      0.7996443786845846,
      -1.0,
      -1.0,
      -1.0,
      -1.0,
      -1.0,
      -1.0,
      0.6836758893496957,
      -1.0,
      0.7996443786845846,
      0.09222218579616112,
      0.7996443786845846,
      0.5383588403320996,
      0.06316784531106798,
      0.32780897595497627,
      -1.0,
      -1.0,
      -1.0,
