{
  "method": "TRADES-SmoothAdv-Consistency-Masked",
  "model": "resnet18_10",
  "dataset": "cifar10",
  "comment": "resnet18_10 cifar10 combined TRADES + SmoothAdv + consistency + input masking evaluation",
  "run_eval_dir": "data/out/evaluation/resnet18_cifar10/20260516_182311_TRADES-SmoothAdv-Consistency-Masked",
  "eval_metrics": {
    "clean_loss": 0.7278529001235962,
    "clean_acc": 0.7679,
    "noisy_loss": 1.2040983907699585,
    "noisy_acc": 0.5721,
    "pgd_loss": 1.6551522808074952,
    "pgd_acc": 0.4044,
    "fgsm_loss": 1.4839383749961852,
    "fgsm_acc": 0.4517
  },
  "cert_metrics": {
    "mode": "hard",
    "sigma": 0.25,
    "num_img": 500,
    "N0": 100,
    "N": 10000,
    "alpha": 0.001,
    "batch": 128,
    "cert_acc_000": 0.584,
    "avg_radius": 0.3432968032369265,
    "median_radius": 0.7477881164787765,
    "radii": [
      -1.0,
      0.6115417202379467,
      0.49913935966096257,
      0.44060754232817867,
      0.7996443786845846,
      0.7996443786845846,
      -1.0,
      0.7430371963615241,
      0.5354992695959615,
      -1.0,
      0.20441082638875635,
      0.7996443786845846,
      -1.0,
      0.7996443786845846,
      0.6513376665679166,
      -1.0,
      0.6246442748297839,
      -1.0,
      0.4768640326525022,
      0.7996443786845846,
      0.23474793991262533,
      -1.0,
      -1.0,
      0.7996443786845846,
      -1.0,
      0.3683397177231998,
      0.08401163405740586,
      -1.0,
      0.5531049162755474,
      0.7996443786845846,
      0.7996443786845846,
      -1.0,
      -1.0,
      -1.0,
      0.7996443786845846,
      -1.0,
      -1.0,
      -1.0,
      0.7996443786845846,
      0.38309264956853106,
      -1.0,
      0.7996443786845846,
      0.699938959080172,
      0.7996443786845846,
      0.052611274006528846,
      0.7430371963615241,
      0.6301063246464266,
      -1.0,
      -1.0,
      0.7996443786845846,
      0.7996443786845846,
      -1.0,
      -1.0,
      -1.0,
      0.5564934688921529,
      0.05544977564371516,
      -1.0,
      -1.0,
      -1.0,
      -1.0,
      0.33782652801281443,
      -1.0,
      0.7996443786845846,
      -1.0,
      0.7996443786845846,
      -1.0,
      -1.0,
      -1.0,
      0.08087491677975685,
      -1.0,
      -1.0,
      0.7996443786845846,
      0.10828329803669343,
      0.7996443786845846,
      0.020037237214917344,
      0.7639456866020711,
      0.2872583770984335,
      -1.0,
      -1.0,
      0.18532020637346747,
      0.7996443786845846,
      -1.0,
      0.39125032509346386,
      -1.0,
      0.7996443786845846,
      -1.0,
      -1.0,
      -1.0,
      0.7996443786845846,
      0.5664359561987167,
      0.5143902348427628,
      -1.0,
      0.7996443786845846,
      0.7996443786845846,
      -1.0,
      0.7996443786845846,
      0.7996443786845846,
      -1.0,
      0.7996443786845846,
      0.6301063246464266,
      -1.0,
      -1.0,
      0.7996443786845846,
      0.7996443786845846,
      0.7996443786845846,
      0.7996443786845846,
      -1.0,
      0.7996443786845846,
      0.3133785788572822,
      0.7996443786845846,
      -1.0,
      0.7996443786845846,
      0.4212582766182479,
      0.35230993538153926,
      -1.0,
      0.2617971344896116,
      -1.0,
      -1.0,
      -1.0,
      -1.0,
      -1.0,
      -1.0,
      0.08147448545233789,
      0.7784908980456575,
      -1.0,
      -1.0,
      -1.0,
      0.42098068236927033,
      -1.0,
      -1.0,
      -1.0,
      0.7996443786845846,
      0.10446784533922121,
      0.7996443786845846,
      -1.0,
      -1.0,
      0.7996443786845846,
      0.7996443786845846,
      0.01682580833209143,
      -1.0,
      0.7996443786845846,
      0.7996443786845846,
      0.7996443786845846,
      -1.0,
      0.33587487927554993,
      -1.0,
      0.7996443786845846,
      -1.0,
      0.7996443786845846,
      0.5299977329053328,
      0.7996443786845846,
      0.7784908980456575,
      0.7996443786845846,
      0.6955205444683852,
      -1.0,
      -1.0,
      0.3436450270115074,
      0.7996443786845846,
      -1.0,
      0.02104561197276099,
      0.3861288606205455,
      -1.0,
      0.19636976774150386,
      0.7996443786845846,
      0.17537056121588718,
      -1.0,
      0.4168807631680973,
      -1.0,
      -1.0,
      -1.0,
      0.6466400188500935,
      -1.0,
      -1.0,
      0.6874168892291687,
      0.7996443786845846,
      0.7996443786845846,
      -1.0,
      -1.0,
      -1.0,
      0.7996443786845846,
      0.6589317718914884,
      0.7996443786845846,
      0.0692457314514677,
      -1.0,
      -1.0,
      0.7996443786845846,
      0.7996443786845846,
      -1.0,
      -1.0,
      0.6801126721928175,
      -1.0,
      -1.0,
      0.050808925759738686,
      0.23857945065942013,
      -1.0,
      -1.0,
      0.7996443786845846,
      0.213509262226702,
      0.7996443786845846,
      -1.0,
      -1.0,
      -1.0,
      0.4926857016910148,
      0.7996443786845846,
      0.27504682479324993,
      0.7996443786845846,
      -1.0,
      0.4438442300400423,
      0.7525390365960288,
      0.08448001469915406,
      -1.0,
      -1.0,
      0.48250242675507554,
      0.2285189596380026,
      0.08904695783244322,
      0.2785171897855927,
      0.7996443786845846,
      0.5753716721049287,
      -1.0,
      0.5398177502954438,
      0.7996443786845846,
      0.7996443786845846,
      0.6913567089317129,
      -1.0,
      -1.0,
      0.5693263748553922,
      0.14732689448734643,
      -1.0,
      -1.0,
      0.4851953968065509,
      0.7996443786845846,
      0.7996443786845846,
      0.5923568480067831,
      -1.0,
      0.33235123459632354,
      0.7996443786845846,
      -1.0,
      0.060566501548785734,
      -1.0,
      0.589911207914677,
      0.7996443786845846,
      0.016699950760459346,
      -1.0,
      0.7996443786845846,
      0.7996443786845846,
      -1.0,
      0.18047395587039977,
      -1.0,
      0.34809634364726644,
      -1.0,
      -1.0,
      -1.0,
      0.7996443786845846,
      0.32428502556933103,
      -1.0,
      0.5764161610834171,
      -1.0,
      0.7996443786845846,
      -1.0,
      0.3691246193106404,
      -1.0,
      0.48841498066819933,
      -1.0,
      -1.0,
      0.23776799185525743,
      0.6703246983993488,
      -1.0,
      0.7996443786845846,
      0.6000988084302388,
      0.7151489650449556,
      -1.0,
      -1.0,
      0.7996443786845846,
      0.5531049162755474,
      0.027485138722155453,
      -1.0,
      0.7639456866020711,
      -1.0,
      -1.0,
      -1.0,
      0.7046495750995613,
      -1.0,
      0.7996443786845846,
      0.7996443786845846,
      0.4243485045552861,
      0.7996443786845846,
      0.7996443786845846,
      -1.0,
      0.7996443786845846,
      0.7996443786845846,
      0.7996443786845846,
      0.0737840104397073,
      0.7996443786845846,
      -1.0,
      0.17252310946018753,
      -1.0,
      0.7348363129819991,
      0.7996443786845846,
      0.7996443786845846,
      0.7996443786845846,
      0.7996443786845846,
      0.7996443786845846,
      -1.0,
      0.07411388288701601,
      0.7996443786845846,
      -1.0,
      -1.0,
      0.6537911090637826,
      0.05402955213213786,
      0.5435548901149075,
      -1.0,
      0.7996443786845846,
      -1.0,
      0.7996443786845846,
      -1.0,
      0.7996443786845846,
      -1.0,
      0.1938514887742433,
      0.05616063301527258,
      -1.0,
      -1.0,
      0.6955205444683852,
      -1.0,
      -1.0,
      -1.0,
      -1.0,
      -1.0,
      -1.0,
      0.5293292092711938,
      0.41905263624182865,
      0.7996443786845846,
      0.7996443786845846,
      -1.0,
      0.7996443786845846,
      0.7996443786845846,
      0.7210768143394661,
      -1.0,
      0.7275895071106926,
      0.7996443786845846,
      0.4781423736130248,
      -1.0,
      0.7996443786845846,
      -1.0,
      -1.0,
      0.15628800549467167,
      0.7996443786845846,
      -1.0,
      0.7996443786845846,
      0.7996443786845846,
      0.7996443786845846,
