{
  "method": "SmoothAdv-AWP",
  "model": "resnet18_10",
  "dataset": "cifar10",
  "comment": "resnet18_10 cifar10 SmoothAdv AWP evaluation",
  "run_eval_dir": "data/out/evaluation/resnet18_cifar10/last/20260513_103735_SmoothAdv-AWP",
  "eval_metrics": {
    "clean_loss": 0.6902699785709381,
    "clean_acc": 0.8111,
    "noisy_loss": 0.9878115533590317,
    "noisy_acc": 0.7409,
    "pgd_loss": 6.195053608703613,
    "pgd_acc": 0.2154,
    "fgsm_loss": 4.124186375808716,
    "fgsm_acc": 0.3367
  },
  "cert_metrics": {
    "mode": "hard",
    "sigma": 0.25,
    "num_img": 500,
    "N0": 100,
    "N": 10000,
    "alpha": 0.001,
    "batch": 128,
    "cert_acc_000": 0.802,
    "avg_radius": 0.44895143503579255,
    "median_radius": 0.6767094767272421,
    "radii": [
      0.5852002769035897,
      0.7996443786845846,
      0.48250242675507554,
      0.5017191636472514,
      0.5293292092711938,
      0.7275895071106926,
      0.7430371963615241,
      0.5936037367889884,
      0.1840599582833542,
      0.06388452504553553,
      0.6014538244767529,
      0.7996443786845846,
      -1.0,
      0.7996443786845846,
      0.7996443786845846,
      0.7784908980456575,
      0.5458621301069703,
      0.7996443786845846,
      0.7275895071106926,
      0.7996443786845846,
      0.15667560219372004,
      0.7996443786845846,
      -1.0,
      0.7996443786845846,
      -1.0,
      0.20937924513704018,
      0.5161518813658386,
      0.1994370144164721,
      0.6537911090637826,
      0.7996443786845846,
      0.7525390365960288,
      0.48656469473961333,
      0.07193928588474068,
      0.34809634364726644,
      0.7996443786845846,
      -1.0,
      0.09554960336931634,
      -1.0,
      0.7996443786845846,
      0.616232829604616,
      0.7996443786845846,
      0.7996443786845846,
      0.7996443786845846,
      0.7348363129819991,
      0.4798677883266129,
      0.7996443786845846,
      0.3411277854393303,
      0.10225986496893784,
      0.49761835677468524,
      0.7639456866020711,
      0.7996443786845846,
      0.33077207745365866,
      -1.0,
      -1.0,
      0.7996443786845846,
      0.2648385849784026,
      -1.0,
      0.03172695749826557,
      -1.0,
      0.039416200543435066,
      0.7996443786845846,
      0.10177800636247328,
      0.7996443786845846,
      -1.0,
      0.6014538244767529,
      -1.0,
      0.09425726304122439,
      0.7996443786845846,
      0.27245043726930057,
      0.22686326302575277,
      -1.0,
      0.5774718727082291,
      0.6489554440091028,
      0.7996443786845846,
      0.2578034440915041,
      0.7996443786845846,
      0.47601911466056424,
      0.18088893230685504,
      0.3584641116811612,
      0.7784908980456575,
      0.6734511600442032,
      0.3470589112207568,
      0.7996443786845846,
      0.7996443786845846,
      0.48294712527470773,
      -1.0,
      -1.0,
      -1.0,
      0.7784908980456575,
      0.7996443786845846,
      0.21434255675590022,
      0.03795150256564158,
      0.5785390786730116,
      0.7996443786845846,
      0.16467133661499678,
      0.6400561844442304,
      0.404495877270068,
      0.3108177149461665,
      0.7996443786845846,
      0.7996443786845846,
      0.35302242774804815,
      -1.0,
      0.7996443786845846,
      0.7996443786845846,
      0.7996443786845846,
      0.7996443786845846,
      0.4690605075737191,
      0.7996443786845846,
      0.7639456866020711,
      0.7996443786845846,
      0.26291888242195943,
      0.7996443786845846,
      0.3648537382743867,
      -1.0,
      0.5203730643828753,
      0.667318802937995,
      0.7784908980456575,
      0.548221068176264,
      -1.0,
      0.14198500759546043,
      0.07240006309665711,
      -1.0,
      0.7996443786845846,
      0.7996443786845846,
      -1.0,
      -1.0,
      0.2825353449309499,
      0.13663657280648062,
      -1.0,
      -1.0,
      0.4509090859695909,
      0.7996443786845846,
      0.22119555879114267,
      0.7996443786845846,
      0.6913567089317129,
      0.32413332689441654,
      0.7275895071106926,
      0.7996443786845846,
      0.5161518813658386,
      -1.0,
      0.7348363129819991,
      0.7996443786845846,
      0.7996443786845846,
      0.5132308794724592,
      0.7784908980456575,
      0.12605874732664613,
      0.7996443786845846,
      0.11875912363036728,
      0.012926775232616237,
      0.7525390365960288,
      0.7996443786845846,
      0.5001644496336647,
      0.46945927260017506,
      0.6801126721928175,
      0.7996443786845846,
      0.20611759729337586,
      0.43163726943284353,
      0.7996443786845846,
      -1.0,
      0.7525390365960288,
      0.7784908980456575,
      0.4358939235260854,
      0.35001470555598685,
      0.7348363129819991,
      -1.0,
      -1.0,
      0.4833934571957447,
      -1.0,
      -1.0,
      0.2684968723892504,
      0.7996443786845846,
      0.23980156306929604,
      0.02660005343088631,
      0.7525390365960288,
      0.7996443786845846,
      0.7996443786845846,
      0.7996443786845846,
      0.4666941164163062,
      -1.0,
      0.7996443786845846,
      0.7996443786845846,
      0.699938959080172,
      0.699938959080172,
      0.07477404953695567,
      0.24800087428697287,
      0.7996443786845846,
      0.20774381846608966,
      0.4368236090391513,
      0.6537911090637826,
      -1.0,
      -1.0,
      0.22910581729340176,
      0.37190215842006513,
      0.7996443786845846,
      0.4686630051934887,
      -1.0,
      0.7996443786845846,
      -1.0,
      0.7996443786845846,
      0.3605045080694964,
      0.7525390365960288,
      0.4069905141634085,
      0.7639456866020711,
      0.6955205444683852,
      0.7996443786845846,
      0.7996443786845846,
      0.7096995062825092,
      0.6421938791251363,
      0.7996443786845846,
      0.6703246983993488,
      -1.0,
      -1.0,
      0.12800987912168482,
      -1.0,
      0.3482698578691461,
      0.7996443786845846,
      0.7996443786845846,
      0.6000988084302388,
      -1.0,
      0.589911207914677,
      0.054610314608365046,
      0.608544239465263,
      0.7996443786845846,
      0.41715044217597214,
      -1.0,
      0.3060709856288283,
      -1.0,
      0.7430371963615241,
      0.03801515317881762,
      0.3042860627333134,
      0.7996443786845846,
      0.7996443786845846,
      -1.0,
      -1.0,
      0.607081685909209,
      0.7996443786845846,
      0.34062864245614577,
      -1.0,
      -1.0,
      0.7996443786845846,
      0.7996443786845846,
      0.7784908980456575,
      -1.0,
      0.5280043009766184,
      0.7996443786845846,
      0.18616310789199925,
      0.7151489650449556,
      0.21657689647786105,
      0.5807091123627982,
      -1.0,
      0.40400198899164375,
      0.4215364181548426,
      0.7996443786845846,
      0.6228968108827379,
      -1.0,
      0.10863147652728262,
      0.39307266660603035,
      0.7996443786845846,
      -1.0,
      0.7996443786845846,
      0.5216089873297869,
      0.7348363129819991,
      -1.0,
      0.06355869028835506,
      -1.0,
      0.6115417202379467,
      -1.0,
      0.7996443786845846,
      0.7996443786845846,
      0.5313472006429092,
      0.02773809735468621,
      -1.0,
      0.7996443786845846,
      0.2301851477336821,
      0.323225732857224,
      -1.0,
      0.19229868706021305,
      -1.0,
      0.13641516031880493,
      -1.0,
      0.699938959080172,
      0.21713829868827947,
      0.7996443786845846,
      0.7996443786845846,
      0.05241802034638071,
      0.7996443786845846,
      0.7046495750995613,
      -1.0,
      0.7996443786845846,
      0.7996443786845846,
      0.7996443786845846,
      0.4674779829813117,
      0.7525390365960288,
      0.3402966650563661,
      0.5923568480067831,
      -1.0,
      0.7996443786845846,
      0.7996443786845846,
      0.4583765486192988,
      0.7784908980456575,
      0.7996443786845846,
      0.7996443786845846,
      0.09732251348354598,
      -1.0,
      0.7784908980456575,
      0.6767094767272421,
      0.07921207011030963,
