{
  "method": "macer",
  "model": "resnet18_10",
  "dataset": "cifar10",
  "comment": "resnet18_10 cifar10 macer evaluation",
  "run_eval_dir": "data/out/evaluation/resnet18_cifar10/last/20260513_103222_macer",
  "eval_metrics": {
    "clean_loss": 0.9092487935066224,
    "clean_acc": 0.8256,
    "noisy_loss": 1.4438755569159984,
    "noisy_acc": 0.7442,
    "pgd_loss": 9.788690670776367,
    "pgd_acc": 0.2304,
    "fgsm_loss": 5.066304019165039,
    "fgsm_acc": 0.4435
  },
  "cert_metrics": {
    "mode": "soft",
    "sigma": 0.25,
    "num_img": 500,
    "N0": 100,
    "N": 10000,
    "alpha": 0.001,
    "batch": 128,
    "cert_acc_000": 0.8,
    "avg_radius": 0.3977887350849045,
    "median_radius": 0.5728027318796867,
    "radii": [
      0.16454927154480145,
      0.6530072888443786,
      0.38182515124325445,
      0.3480070002241692,
      0.37380221034866623,
      0.6513529303704607,
      0.6444456247822066,
      0.31450351351595907,
      0.12112645387605551,
      0.34252795279009335,
      0.2210958598459605,
      0.7289573852329525,
      -1.0,
      0.7289573852329525,
      0.7097197964208948,
      0.648170424407657,
      0.23502187760527574,
      0.6240079437852605,
      0.3581755298963879,
      0.7289573852329525,
      0.5012269604663331,
      0.694383084488325,
      -1.0,
      0.7289573852329525,
      -1.0,
      0.11270402456748949,
      0.3361819587245343,
      0.4121219279027727,
      0.4047860580420625,
      0.709779662090834,
      0.6050758205540734,
      0.06782938775691937,
      0.03126723313401584,
      0.10319926323968345,
      0.7115894940070366,
      -1.0,
      0.06296224192051682,
      -1.0,
      0.7289573852329525,
      0.6370669087248846,
      0.7289573852329525,
      0.7289573852329525,
      0.7289457770030161,
      0.7097197439978365,
      0.7289573852329525,
      0.7052542744040082,
      0.4529258722091765,
      0.14607120380835642,
      0.4513062568520925,
      0.5224209948973084,
      0.690938032862912,
      0.06251502097567908,
      -1.0,
      0.0036458967911574412,
      0.7289573852329525,
      0.24251956430610683,
      -1.0,
      -1.0,
      -1.0,
      0.30398187187221676,
      0.7289573852329525,
      0.1812860291152762,
      0.7289573852329525,
      -1.0,
      0.6503001842076749,
      -1.0,
      0.46094235371330927,
      0.7096370360348536,
      0.08730509688998975,
      0.31037805956785475,
      -1.0,
      0.5416122108690781,
      0.2694185092751774,
      0.7289573852329525,
      0.37151356711366407,
      0.7289573852329525,
      0.1029698439819436,
      0.18426448311795632,
      0.38902353121940414,
      0.7289573852329525,
      0.3530749328885238,
      0.38377689610345417,
      0.7289573852329525,
      0.7254678350808323,
      0.6729264844042524,
      -1.0,
      0.2839651798821704,
      -1.0,
      0.7289573852329525,
      0.6834331062735298,
      0.17430398668544703,
      -1.0,
      0.7289573852329525,
      0.7289573852329525,
      0.38013741124341244,
      0.4951201100329248,
      0.7097178907932249,
      0.119084986760213,
      0.7289573852329525,
      0.7289573852329525,
      0.18045488266760976,
      0.18441281224549558,
      0.7289573852329525,
      0.688115937852112,
      0.7289573852329525,
      0.7289573852329525,
      0.20789264064475574,
      0.7289573852329525,
      0.5458282607249392,
      0.7289573852329525,
      0.26562898406207164,
      0.7097197964208948,
      0.4094028630734899,
      -1.0,
      0.5771370137013571,
      0.01578023641929978,
      0.5684684500580162,
      0.520253904532521,
      -1.0,
      -1.0,
      0.24474375541147297,
      -1.0,
      0.7289573852329525,
      0.6994909924673601,
      0.013708885560033125,
      0.043485973596412125,
      0.21168319759244172,
      0.5784139170583346,
      -1.0,
      -1.0,
      0.3226793442976412,
      0.7289573852329525,
      0.1428247474238074,
      0.7289573852329525,
      0.5829836114563303,
      0.20631857666175202,
      0.597371595292639,
      0.7289573852329525,
      0.4814175804540463,
      -1.0,
      0.6213097063402051,
      0.6529289983808636,
      0.7097197964208948,
      0.13089183787101055,
      0.5551865105739308,
      -1.0,
      0.7289573852329525,
      -1.0,
      0.011465652990886139,
      0.6277150071398614,
      0.7056683945572171,
      0.08103758888305353,
      0.6119348372048073,
      0.5931410757079033,
      0.7097193139567602,
      0.2620341542302693,
      0.36933814022811007,
      0.7289573852329525,
      -1.0,
      0.7289573852329525,
      0.3793785899960086,
      0.636565001323972,
      0.22989965252452543,
      0.4306634379978048,
      -1.0,
      -1.0,
      0.5120253028710389,
      -1.0,
      -1.0,
      0.22585796386361406,
      0.6635762454578131,
      -1.0,
      -1.0,
      0.25600704875590075,
      0.697685468901122,
      0.7289573852329525,
      0.2131933032031779,
      0.2038460453337378,
      -1.0,
      0.7289573852329525,
      0.463725595402725,
      0.6789826727394117,
      0.5365632458568158,
      -1.0,
      -1.0,
      0.709780601744187,
      0.326197712768784,
      -1.0,
      0.17083550508001985,
      0.54778108535714,
      0.07567798889084469,
      0.18015981026558545,
      0.15648708209917783,
      0.6404601220569724,
      0.39166652137625235,
      -1.0,
      0.5880734245153303,
      -1.0,
      0.7289573852329525,
      0.27117292597532816,
      0.12570941220640916,
      0.359417528681998,
      0.42749568778944624,
      0.7289573181288429,
      0.7289573852329525,
      0.5878435131274552,
      0.39146848817879193,
      0.3620559768706326,
      0.7289573852329525,
      0.4316459229380508,
      -1.0,
      -1.0,
      0.5839915441397084,
      0.24015678198236168,
      0.23925072931109295,
      0.7289573852329525,
      0.7289573852329525,
      0.5243652925849911,
      -1.0,
      0.5274415092087428,
      0.5595342547927581,
      0.3592521861582446,
      0.7289573852329525,
      0.0943925058784441,
      -1.0,
      0.36833893075311464,
      -1.0,
      0.7289573852329525,
      0.21578179846910256,
      0.31071405617868275,
      0.7289573852329525,
      0.7289573852329525,
      0.056180980093486196,
      -1.0,
      0.5599342022835723,
      0.7289573852329525,
      0.48716449462428185,
      0.3502447513154846,
      0.4562254348003607,
      0.7289573852329525,
      0.7289573852329525,
      0.7010650045948802,
      -1.0,
      0.6274145497516616,
      0.7289573852329525,
      0.6308362192908336,
      0.6310058003331037,
      -1.0,
      0.7289573852329525,
      0.28107574989496614,
      0.2918548181780136,
      0.12300835729496788,
      0.7289573852329525,
      0.7289570832648657,
      -1.0,
      -1.0,
      0.3687966532783187,
      0.7289573852329525,
      0.3128115886079567,
      0.5488695307196232,
      0.22945370039341223,
      0.36832816906391996,
      0.5203927619538733,
      -1.0,
      -1.0,
      0.6795411747654027,
      -1.0,
      0.7289573852329525,
      0.5897856975378074,
      0.3221100489859968,
      -1.0,
      -1.0,
      0.7289573852329525,
      0.22389255355733936,
      0.3119595650896485,
      -1.0,
      0.47861909693787996,
      -1.0,
      0.28824068551121296,
      0.19099275373703745,
      0.25696612304663513,
      0.5891158442356538,
      0.7289573852329525,
      0.7289573852329525,
      0.372956342370051,
      0.7289573852329525,
      0.10474365860598185,
      -1.0,
      0.7289573852329525,
      0.7289573852329525,
      0.7289573852329525,
      0.3854370945389505,
      0.6172207117377088,
      0.08026644481125583,
      0.7079877329862977,
      0.1043819117381234,
      0.7289573852329525,
      0.7289573852329525,
      0.7149789449089763,
      0.7289573852329525,
      0.7289573852329525,
      0.5445162363108458,
      0.17493259619311644,
      -1.0,
      0.69220508943474,
      0.6609039248700278,
      -1.0,
      -1.0,
