{
  "method": "SmoothAdv",
  "model": "resnet18_10",
  "dataset": "cifar10",
  "comment": "resnet18_10 cifar10 SmoothAdv evaluation",
  "run_eval_dir": "data/out/evaluation/resnet18_cifar10/last/20260513_102946_SmoothAdv",
  "eval_metrics": {
    "clean_loss": 0.7224244495391846,
    "clean_acc": 0.8063,
    "noisy_loss": 1.0288373831748963,
    "noisy_acc": 0.7382,
    "pgd_loss": 6.491593998718262,
    "pgd_acc": 0.1994,
    "fgsm_loss": 4.323333613204956,
    "fgsm_acc": 0.3239
  },
  "cert_metrics": {
    "mode": "hard",
    "sigma": 0.25,
    "num_img": 500,
    "N0": 100,
    "N": 10000,
    "alpha": 0.001,
    "batch": 128,
    "cert_acc_000": 0.788,
    "avg_radius": 0.44355592240730374,
    "median_radius": 0.6659775952484719,
    "radii": [
      -1.0,
      0.7996443786845846,
      0.4798677883266129,
      0.7996443786845846,
      0.09650360281102098,
      0.7525390365960288,
      0.5167452700825098,
      0.477288672895684,
      0.025083714451656892,
      0.11254660908355937,
      0.5405547482804358,
      0.7996443786845846,
      -1.0,
      0.7996443786845846,
      0.7996443786845846,
      0.7784908980456575,
      0.3784376158250459,
      0.7996443786845846,
      0.5693263748553922,
      0.7996443786845846,
      0.28940621278123146,
      0.7996443786845846,
      -1.0,
      0.7996443786845846,
      -1.0,
      0.17815960029699027,
      0.6320060939110094,
      0.3306149162202837,
      0.23847787545118598,
      0.7996443786845846,
      0.7996443786845846,
      0.16301096309464716,
      -1.0,
      0.20548762667966372,
      0.7996443786845846,
      -1.0,
      -1.0,
      -1.0,
      0.7996443786845846,
      0.2877617645691539,
      0.7996443786845846,
      0.7996443786845846,
      0.564554214160863,
      0.6489554440091028,
      0.29055234706602356,
      0.7784908980456575,
      0.33330539742699156,
      0.2333507088209519,
      0.6734511600442032,
      0.6056421340017006,
      0.7430371963615241,
      0.24154315950893537,
      -1.0,
      -1.0,
      0.7996443786845846,
      0.471472364828601,
      0.27743423060483674,
      -1.0,
      -1.0,
      -1.0,
      0.7996443786845846,
      0.024831104687419198,
      0.7996443786845846,
      -1.0,
      0.7639456866020711,
      0.1375233541296792,
      0.3917038693487951,
      0.7525390365960288,
      0.505969800837295,
      0.19195467010171066,
      -1.0,
      0.5974465186067771,
      0.4936559114650986,
      0.7996443786845846,
      0.32157323313659697,
      0.7525390365960288,
      0.43996947137698567,
      -1.0,
      0.36658742248304843,
      0.7996443786845846,
      0.5911261582824705,
      -1.0,
      0.7996443786845846,
      0.7996443786845846,
      0.604224797257134,
      -1.0,
      0.044267530649947304,
      -1.0,
      0.7996443786845846,
      0.7996443786845846,
      0.47351845625545674,
      -1.0,
      0.7210768143394661,
      0.7784908980456575,
      0.26540630085865596,
      0.2782760630197812,
      0.5948673053991422,
      0.1015716189568958,
      0.7996443786845846,
      0.7996443786845846,
      0.1046061307587777,
      -1.0,
      0.7430371963615241,
      0.7996443786845846,
      0.7996443786845846,
      0.7996443786845846,
      0.2345478690796629,
      0.7996443786845846,
      0.7996443786845846,
      0.7996443786845846,
      0.33282768474255575,
      0.7996443786845846,
      -1.0,
      0.0185254697510108,
      0.6767094767272421,
      0.7996443786845846,
      0.7996443786845846,
      0.47601911466056424,
      -1.0,
      0.4313382241715943,
      0.1924708379758883,
      -1.0,
      0.7996443786845846,
      0.7996443786845846,
      -1.0,
      -1.0,
      0.2697682961286653,
      0.08521668823495984,
      -1.0,
      -1.0,
      0.5412968794764936,
      0.7996443786845846,
      0.37822926176499383,
      0.7996443786845846,
      0.6466400188500935,
      0.31467193900122725,
      0.6115417202379467,
      0.7996443786845846,
      0.6301063246464266,
      -1.0,
      0.614641809046287,
      0.7996443786845846,
      0.5126556205886809,
      0.4198757278799294,
      0.6836758893496957,
      0.04599552700992157,
      0.7784908980456575,
      0.09595827723449502,
      0.22015191523004968,
      0.7348363129819991,
      0.7996443786845846,
      0.5911261582824705,
      0.7525390365960288,
      0.02552585859003707,
      0.7996443786845846,
      0.17676220844591609,
      0.451255139924823,
      0.7996443786845846,
      0.3220224631348654,
      0.7996443786845846,
      0.7096995062825092,
      0.4702606276911735,
      0.04433148695623184,
      0.6703246983993488,
      -1.0,
      -1.0,
      0.39376171900138435,
      -1.0,
      -1.0,
      0.39307266660603035,
      0.7784908980456575,
      0.13457440589589034,
      0.12218051441451731,
      0.6874168892291687,
      0.7996443786845846,
      0.7996443786845846,
      0.7430371963615241,
      0.17179468749807725,
      -1.0,
      0.7996443786845846,
      0.7996443786845846,
      0.6282473352604903,
      0.7996443786845846,
      0.09439317136316597,
      0.025083714451656892,
      0.7996443786845846,
      0.23275421074901287,
      0.04714890879737125,
      -1.0,
      -1.0,
      -1.0,
      0.174473102028146,
      0.7784908980456575,
      0.7996443786845846,
      0.45548093615289154,
      0.03877918564335306,
      0.7996443786845846,
      0.4272182451546252,
      0.7996443786845846,
      -1.0,
      0.6913567089317129,
      0.4794341527618742,
      0.6836758893496957,
      0.7996443786845846,
      0.7996443786845846,
      0.7525390365960288,
      0.7996443786845846,
      0.5936037367889884,
      0.7996443786845846,
      0.7151489650449556,
      -1.0,
      -1.0,
      0.40326424333323435,
      -1.0,
      0.26359458006704334,
      0.7996443786845846,
      0.7996443786845846,
      0.5293292092711938,
      -1.0,
      0.6513376665679166,
      0.18072287935615006,
      0.43163726943284353,
      0.7996443786845846,
      0.7639456866020711,
      -1.0,
      0.5506343692735309,
      -1.0,
      0.6703246983993488,
      0.3236789747233608,
      0.17098711331673142,
      0.7996443786845846,
      0.7996443786845846,
      -1.0,
      -1.0,
      0.7275895071106926,
      0.7996443786845846,
      0.2329528901953895,
      0.1117752816287871,
      -1.0,
      0.7996443786845846,
      0.7996443786845846,
      0.7996443786845846,
      -1.0,
      0.6320060939110094,
      0.7639456866020711,
      0.17382187745320216,
      0.7210768143394661,
      -1.0,
      0.7639456866020711,
      -1.0,
      0.20656841204305101,
      0.2516163277084811,
      0.7996443786845846,
      0.6589317718914884,
      -1.0,
      0.3689280375953924,
      0.2649520145544122,
      0.7996443786845846,
      0.009346299170328122,
      0.7996443786845846,
      0.4272182451546252,
      0.6513376665679166,
      -1.0,
      0.21732568613089057,
      -1.0,
      0.7639456866020711,
      -1.0,
      0.7996443786845846,
      0.7275895071106926,
      0.25615943926218054,
      0.1944574645302083,
      -1.0,
      0.7996443786845846,
      0.5011986178277382,
      0.5774718727082291,
      -1.0,
      0.5022420486092614,
      -1.0,
      0.24412670174957446,
      -1.0,
      0.7525390365960288,
      0.5043574648128897,
      0.7784908980456575,
      0.7996443786845846,
      0.3074551276785569,
      0.7996443786845846,
      -1.0,
      -1.0,
      0.7996443786845846,
      0.7996443786845846,
      0.7996443786845846,
      0.3717021684602401,
      0.7996443786845846,
      0.387890949976631,
      0.7096995062825092,
      0.11804930832924684,
      0.7996443786845846,
      0.7996443786845846,
      0.7784908980456575,
      0.7996443786845846,
      0.7996443786845846,
      0.7784908980456575,
      0.15729657920728374,
      0.5103832706798381,
      0.7784908980456575,
      0.5911261582824705,
      0.1029489379322995,
      -1.0,
      0.5155616035108643,
