method,model,dataset,test_samples,comment,fgsm_epsilon,pgd_epsilon,pgd_alpha,pgd_norm,clean_loss,clean_acc,pgd_loss,pgd_acc,fgsm_loss,fgsm_acc,noisy_loss,noisy_acc,cert_mode,sigma,cert_num_img,cert_N0,cert_N,cert_alpha,cert_batch,cert_acc_000,cert_acc_025,cert_acc_050,cert_acc_075,cert_acc_100,cert_acc_125,cert_acc_150,cert_acc_175,cert_acc_200,cert_acc_225,avg_radius,median_radius
adversarial-pgd-training,resnet18_10,cifar10,10000,resnet18_10 cifar10 adversarial PGD training evaluation,0.03137,0.03137,0.00784,Linf,0.6279021430969238,0.8025,1.447422868537903,0.4752,1.265815394973755,0.5404,1.671896298980713,0.3854,hard,0.25,500,100,100000,0.001,128,0.372,0.3,0.25,0.202,0.0,0.0,0.0,0.0,0.0,0.0,0.245403808253211,0.8583473188251014
adversarial-training-fgsm-eval,resnet18_10,cifar10,10000,resnet18_10 cifar10 adversarial FGSM training evaluation,0.03137,0.03137,0.00784,Linf,1.4715566453933715,0.61,20.554439422607423,0.0,0.1142617706060409,0.9635,2.8488550201416016,0.1685,hard,0.25,500,100,100000,0.001,128,0.168,0.062,0.014,0.002,0.0,0.0,0.0,0.0,0.0,0.0,0.0394409533248771,0.1921403707244315
gaussian-noise,resnet18_10,cifar10,10000,resnet18_10 cifar10 gaussian evaluation,0.03137,0.03137,0.00784,Linf,0.5528660144805908,0.8485,8.030353626251221,0.1475,4.66105246963501,0.314,0.8895063669681549,0.7649,hard,0.25,500,100,100000,0.001,128,0.802,0.65,0.476,0.306,0.0,0.0,0.0,0.0,0.0,0.0,0.4667243793252901,0.6044063245710455
trades,resnet18_10,cifar10,10000,resnet18_10 cifar10 trades evaluation,0.03137,0.03137,0.00784,Linf,0.5754152328014374,0.8175,1.4983323338508605,0.4846,1.298993077659607,0.5449,1.9153416719436644,0.3831,hard,0.25,500,100,100000,0.001,128,0.374,0.3,0.252,0.188,0.0,0.0,0.0,0.0,0.0,0.0,0.240222597341883,0.7500502469170917
macer,resnet18_10,cifar10,10000,resnet18_10 cifar10 macer evaluation,0.03137,0.03137,0.00784,Linf,0.9092520223140717,0.8257,9.791331896972656,0.2303,5.066041501998901,0.4434,1.4748975445747377,0.7435,soft,0.25,500,100,100000,0.001,128,0.804,0.648,0.464,0.316,0.0,0.0,0.0,0.0,0.0,0.0,0.4544470298933354,0.6088914708759665
baseline-evaluation,resnet18_10,cifar10,10000,resnet18_10 cifar10 baseline clean evaluation,0.03137,0.03137,0.00784,Linf,0.18651035928726195,0.9504,14.129071571350098,0.0002,3.7314031761169435,0.3909,6.272090186309814,0.1162,hard,0.25,500,100,100000,0.001,128,0.128,0.082,0.01,0.0,0.0,0.0,0.0,0.0,0.0,0.0,0.03987702163837619,0.29198093899544914
