method,model,dataset,test_samples,comment,fgsm_epsilon,pgd_epsilon,pgd_alpha,pgd_norm,clean_loss,clean_acc,pgd_loss,pgd_acc,fgsm_loss,fgsm_acc,noisy_loss,noisy_acc,cert_mode,sigma,cert_num_img,cert_N0,cert_N,cert_alpha,cert_batch,cert_acc_000,cert_acc_025,cert_acc_050,cert_acc_075,cert_acc_100,cert_acc_125,cert_acc_150,cert_acc_175,cert_acc_200,cert_acc_225,avg_radius,median_radius
adversarial-pgd-training,resnet18_10,cifar10,10000,resnet18_10 cifar10 adversarial PGD training evaluation,0.03137,0.03137,0.00784,Linf,0.3801951267242431,0.8837,19.50032026062012,0.0002,5.695225110626221,0.1178,4.948287285614014,0.1167,hard,0.25,500,100,1000,0.001,128,0.112,0.11,0.092,0.0,0.0,0.0,0.0,0.0,0.0,0.0,0.0620797539508164,0.5894126426487887
adversarial-training-fgsm-eval,resnet18_10,cifar10,10000,resnet18_10 cifar10 adversarial FGSM training evaluation,0.03137,0.03137,0.00784,Linf,0.6221735982894897,0.7854,3.0635734325408936,0.2076,2.1696435207366944,0.3214,2.3750524574279783,0.333,hard,0.25,500,100,1000,0.001,128,0.332,0.256,0.214,0.0,0.0,0.0,0.0,0.0,0.0,0.0,0.1564238192679012,0.6158156536952029
gaussian-noise,resnet18_10,cifar10,10000,resnet18_10 cifar10 gaussian evaluation,0.03137,0.03137,0.00784,Linf,1.1023547611236573,0.7167,7.179427883911133,0.1477,5.2206933853149415,0.2338,1.0726473737716675,0.7205,hard,0.25,500,100,1000,0.001,128,0.692,0.542,0.404,0.0,0.0,0.0,0.0,0.0,0.0,0.0,0.3153703877286455,0.5638252862592581
trades,resnet18_10,cifar10,10000,resnet18_10 cifar10 trades evaluation,0.03137,0.03137,0.00784,Linf,0.3776194655895233,0.8793,14.170484271240234,0.0031,6.111400670623779,0.1142,3.693694261932373,0.1908,hard,0.25,500,100,1000,0.001,128,0.162,0.12,0.098,0.0,0.0,0.0,0.0,0.0,0.0,0.0,0.0711325751127355,0.5710729611289254
macer,resnet18_10,cifar10,10000,resnet18_10 cifar10 macer evaluation,0.03137,0.03137,0.00784,Linf,0.5912727309226989,0.8135,13.130107070922852,0.0215,5.607123574066162,0.1302,3.555703897857666,0.1967,soft,0.25,500,100,1000,0.001,128,0.17,0.13,0.064,0.0,0.0,0.0,0.0,0.0,0.0,0.0,0.0661734786970923,0.4800037994684065
baseline-evaluation,resnet18_10,cifar10,10000,resnet18_10 cifar10 baseline clean evaluation,0.03137,0.03137,0.00784,Linf,0.18651411900520326,0.9504,14.170301171875,0.0,3.730345573425293,0.3912,6.2659309967041015,0.1191,hard,0.25,500,100,1000,0.001,128,0.126,0.062,0.0,0.0,0.0,0.0,0.0,0.0,0.0,0.0,0.0348234778539505,0.24939943092172182
