method,model,dataset,test_samples,comment,fgsm_epsilon,pgd_epsilon,pgd_alpha,pgd_norm,clean_loss,clean_acc,pgd_loss,pgd_acc,fgsm_loss,fgsm_acc,noisy_loss,noisy_acc,cert_mode,sigma,cert_num_img,cert_N0,cert_N,cert_alpha,cert_batch,cert_acc_000,cert_acc_025,cert_acc_050,cert_acc_075,cert_acc_100,cert_acc_125,cert_acc_150,cert_acc_175,cert_acc_200,cert_acc_225,avg_radius,median_radius
adversarial-pgd-training,resnet18_10,cifar10,10000,resnet18_10 cifar10 adversarial PGD training evaluation,0.03137,0.03137,0.00784,Linf,0.6279021430969238,0.8025,1.4476122817993164,0.4767,1.265815394973755,0.5404,1.673378325462341,0.3877,hard,0.25,500,100,100000,0.001,128,0.37,0.302,0.248,0.204,0.0,0.0,0.0,0.0,0.0,0.0,0.2451504046335548,0.8551511048783051
adversarial-training-fgsm-eval,resnet18_10,cifar10,10000,resnet18_10 cifar10 adversarial FGSM training evaluation,0.03137,0.03137,0.00784,Linf,0.5496346084594727,0.8418,20.6024923034668,0.0027,0.1523068688631057,0.9534,3.89782328414917,0.2201,hard,0.25,500,100,100000,0.001,128,0.248,0.198,0.14,0.1,0.0,0.0,0.0,0.0,0.0,0.0,0.1447597681471624,0.616934469738957
gaussian-noise,resnet18_10,cifar10,10000,resnet18_10 cifar10 gaussian evaluation,0.03137,0.03137,0.00784,Linf,1.523061076927185,0.45,4.035169163513183,0.0532,3.4280482360839843,0.0919,2.441069194412232,0.3109,hard,0.25,500,100,100000,0.001,128,0.33,0.258,0.21,0.146,0.0,0.0,0.0,0.0,0.0,0.0,0.2025534374090297,0.6737537783878477
trades,resnet18_10,cifar10,10000,resnet18_10 cifar10 trades evaluation,0.03137,0.03137,0.00784,Linf,0.20485878558158874,0.9356,14.317059274291992,0.0115,5.237958722686767,0.2037,9.474653912353515,0.1006,hard,0.25,500,100,100000,0.001,128,0.102,0.094,0.086,0.06,0.0,0.0,0.0,0.0,0.0,0.0,0.07773909794972668,0.8978164014857386
