{
  "method": "smooth-adv-masked-pgdmasked",
  "model": "resnet18_10",
  "dataset": "cifar10",
  "comment": "resnet18_10 cifar10 smooth-adv masked PGD-masked evaluation",
  "run_eval_dir": "data/out/evaluation/resnet18_cifar10/last/20260513_104949_smooth-adv-masked-pgdmasked",
  "eval_metrics": {
    "clean_loss": 0.638139418888092,
    "clean_acc": 0.8246,
    "noisy_loss": 1.0163866161346435,
    "noisy_acc": 0.7279,
    "pgd_loss": 6.3513911376953125,
    "pgd_acc": 0.1944,
    "fgsm_loss": 4.184287092208862,
    "fgsm_acc": 0.3274
  },
  "cert_metrics": {
    "mode": "hard",
    "sigma": 0.25,
    "num_img": 500,
    "N0": 100,
    "N": 10000,
    "alpha": 0.001,
    "batch": 128,
    "cert_acc_000": 0.8,
    "avg_radius": 0.4362635588166494,
    "median_radius": 0.6411250317846833,
    "radii": [
      0.574338143864181,
      0.7996443786845846,
      0.32983114348369713,
      0.40927262943851045,
      0.1627743817283865,
      0.7784908980456575,
      0.47601911466056424,
      0.21901792892961258,
      -1.0,
      0.4569206316923078,
      0.3238303017330093,
      0.7996443786845846,
      -1.0,
      0.7996443786845846,
      0.7996443786845846,
      0.633948677169767,
      0.3681440838461366,
      0.6874168892291687,
      0.3956146766492611,
      0.7996443786845846,
      0.21713829868827947,
      0.2675767151574962,
      -1.0,
      0.7996443786845846,
      -1.0,
      -1.0,
      0.42349894949727945,
      0.1540476445629252,
      0.20892402642691207,
      0.7996443786845846,
      0.7996443786845846,
      0.30703885669157105,
      0.18675445484087286,
      0.23837634115968112,
      0.7996443786845846,
      -1.0,
      0.04740536954861839,
      -1.0,
      0.7996443786845846,
      0.4690605075737191,
      0.7996443786845846,
      0.7996443786845846,
      0.7525390365960288,
      0.7996443786845846,
      0.614641809046287,
      0.7996443786845846,
      0.4785714576075276,
      0.04740536954861839,
      0.6000988084302388,
      0.6734511600442032,
      0.6836758893496957,
      0.41580711297441725,
      -1.0,
      -1.0,
      0.7996443786845846,
      -1.0,
      -1.0,
      -1.0,
      -1.0,
      0.28204425739451777,
      0.7996443786845846,
      0.09059883324848966,
      0.7996443786845846,
      -1.0,
      0.7996443786845846,
      0.09827932231087348,
      0.11184535556095773,
      0.7996443786845846,
      0.2675767151574962,
      0.3412944817731804,
      -1.0,
      0.7639456866020711,
      0.13296087577282747,
      0.7996443786845846,
      0.41211141710735444,
      0.7996443786845846,
      0.7639456866020711,
      0.12996927145366835,
      0.33171791702708214,
      0.7996443786845846,
      0.4027744517378422,
      0.12246671606957704,
      0.7996443786845846,
      0.6767094767272421,
      0.4851953968065509,
      -1.0,
      -1.0,
      -1.0,
      0.7996443786845846,
      0.7996443786845846,
      0.38811263433815685,
      -1.0,
      0.7996443786845846,
      0.7996443786845846,
      0.3152495887341318,
      0.35230993538153926,
      0.6644236196383237,
      0.174473102028146,
      0.7996443786845846,
      0.7996443786845846,
      0.3167014297601235,
      0.0204153268520132,
      0.7996443786845846,
      0.7996443786845846,
      0.7996443786845846,
      0.7996443786845846,
      0.3048335489534341,
      0.7996443786845846,
      0.15815208689774085,
      0.7996443786845846,
      0.2439190218072171,
      0.7996443786845846,
      0.45229882406395483,
      -1.0,
      0.6489554440091028,
      0.3450025374665675,
      0.6513376665679166,
      0.7639456866020711,
      0.11719885695426874,
      -1.0,
      0.07503827464571551,
      -1.0,
      0.7996443786845846,
      0.7784908980456575,
      -1.0,
      -1.0,
      0.1363413811826139,
      0.44189284697468945,
      -1.0,
      -1.0,
      0.4431905983800323,
      0.7996443786845846,
      0.18989846644822883,
      0.7996443786845846,
      0.7639456866020711,
      0.3214237297516292,
      0.7996443786845846,
      0.7996443786845846,
      0.6489554440091028,
      -1.0,
      0.6767094767272421,
      0.7996443786845846,
      0.7996443786845846,
      0.6056421340017006,
      0.633948677169767,
      0.2570348040834227,
      0.7996443786845846,
      0.06826249201581099,
      -1.0,
      0.7996443786845846,
      0.5306703775282439,
      0.0934424372927813,
      0.6767094767272421,
      0.41342043159306585,
      0.6644236196383237,
      0.5081553016229154,
      0.47900204661485113,
      0.7996443786845846,
      0.061411129856128205,
      0.7996443786845846,
      0.7046495750995613,
      0.45911072329196495,
      0.3717021684602401,
      0.5753716721049287,
      -1.0,
      -1.0,
      0.6874168892291687,
      -1.0,
      -1.0,
      0.36658742248304843,
      0.7996443786845846,
      0.26780640098887637,
      -1.0,
      0.5103832706798381,
      0.7996443786845846,
      0.7996443786845846,
      0.22744644153162288,
      0.44649132151419263,
      -1.0,
      0.7996443786845846,
      0.7996443786845846,
      0.7525390365960288,
      0.5683536029921183,
      0.1053673113184818,
      0.4176913358461545,
      0.7996443786845846,
      0.5875267844913576,
      0.12189448190305965,
      0.39102405777089155,
      0.5733153237668234,
      -1.0,
      0.13004200268501745,
      0.616232829604616,
      0.7096995062825092,
      0.1943708236984064,
      -1.0,
      0.7784908980456575,
      -1.0,
      0.7996443786845846,
      0.20031912611469385,
      0.7525390365960288,
      0.34983941994186146,
      0.6421938791251363,
      0.6955205444683852,
      0.7996443786845846,
      0.6379712475011602,
      0.7525390365960288,
      0.5599975538065698,
      0.7996443786845846,
      0.7639456866020711,
      -1.0,
      -1.0,
      0.6282473352604903,
      0.19255694912527577,
      -1.0,
      0.7784908980456575,
      0.7996443786845846,
      0.7996443786845846,
      -1.0,
      0.4105560998844403,
      -1.0,
      0.5673901962537965,
      0.7996443786845846,
      0.5539416859672713,
      -1.0,
      0.4254893270111192,
      -1.0,
      0.4519500033014486,
      0.02218056446822543,
      0.21212589706081245,
      0.7996443786845846,
      0.7996443786845846,
      0.0023822538031291873,
      -1.0,
      0.6400561844442304,
      0.7996443786845846,
      0.40204279053726266,
      0.01242403264824466,
      0.3546365666966722,
      0.7996443786845846,
      0.7996443786845846,
      0.7996443786845846,
      -1.0,
      0.7275895071106926,
      0.7996443786845846,
      0.35499736600316034,
      0.5490193238826457,
      -1.0,
      0.7996443786845846,
      -1.0,
      0.5427968666121084,
      0.6767094767272421,
      0.7996443786845846,
      0.7784908980456575,
      -1.0,
      -1.0,
      0.0983477244961099,
      0.7996443786845846,
      0.3721023973910881,
      0.7639456866020711,
      0.03769692872317783,
      0.5573583188838833,
      0.10724009702441255,
      0.21332442084013178,
      -1.0,
      0.6246442748297839,
      -1.0,
      0.7996443786845846,
      0.7996443786845846,
      0.6537911090637826,
      0.0778845213493113,
      0.08535071434396241,
      0.7996443786845846,
      0.7151489650449556,
      0.3049706583343603,
      -1.0,
      0.1540476445629252,
      -1.0,
      0.20856037013273007,
      0.1885350782171068,
      0.46787175189118174,
      0.7525390365960288,
      0.7996443786845846,
      0.7996443786845846,
      0.10633759322751707,
      0.7996443786845846,
      0.394222833977217,
      -1.0,
      0.7996443786845846,
      0.7996443786845846,
      0.7996443786845846,
      0.3681440838461366,
      0.6228968108827379,
      0.21056621160670727,
      0.7784908980456575,
      0.08027585035142032,
      0.7784908980456575,
      0.7996443786845846,
      0.5863564867387286,
      0.7996443786845846,
      0.7996443786845846,
      0.7996443786845846,
      0.01437259785277266,
