{
    "clean": {
        "loss": 0.17600288457870483,
        "acc": 0.9537,
        "total": 10000
    },
    "fgsm": {
        "loss": 3.549142948913574,
        "acc": 0.4193,
        "total": 10000
    },
    "PGD": {
        "loss": 13.0204341217041,
        "acc": 0.0004,
        "total": 10000
    }
}