{
  "method": "trades-masked-pgdclean",
  "model": "resnet18_10",
  "dataset": "cifar10",
  "comment": "resnet18_10 cifar10 TRADES masked PGD-clean evaluation",
  "run_eval_dir": "data/out/evaluation/resnet18_cifar10/last/20260513_105224_trades-masked-pgdclean",
  "eval_metrics": {
    "clean_loss": 0.6811038776874542,
    "clean_acc": 0.7902,
    "noisy_loss": 1.5013428504943849,
    "noisy_acc": 0.443,
    "pgd_loss": 1.5767609267234801,
    "pgd_acc": 0.4223,
    "fgsm_loss": 1.4135113825798036,
    "fgsm_acc": 0.477
  },
  "cert_metrics": {
    "mode": "hard",
    "sigma": 0.25,
    "num_img": 500,
    "N0": 100,
    "N": 10000,
    "alpha": 0.001,
    "batch": 128,
    "cert_acc_000": 0.45,
    "avg_radius": 0.27495535771930163,
    "median_radius": 0.7639456866020711,
    "radii": [
      -1.0,
      0.13671040203132842,
      -1.0,
      0.7639456866020711,
      0.7996443786845846,
      0.7996443786845846,
      -1.0,
      0.6301063246464266,
      0.7525390365960288,
      -1.0,
      -1.0,
      0.7525390365960288,
      -1.0,
      0.7996443786845846,
      0.7784908980456575,
      -1.0,
      0.3854732240644403,
      -1.0,
      -1.0,
      0.7996443786845846,
      -1.0,
      0.34347607933739066,
      -1.0,
      0.7996443786845846,
      -1.0,
      0.7784908980456575,
      -1.0,
      -1.0,
      0.5450874316353342,
      0.7996443786845846,
      0.7996443786845846,
      -1.0,
      -1.0,
      -1.0,
      0.7784908980456575,
      -1.0,
      -1.0,
      -1.0,
      0.7996443786845846,
      0.010476597057015717,
      0.5564934688921529,
      0.7996443786845846,
      0.4537035024647237,
      0.7996443786845846,
      0.396081491826637,
      0.7996443786845846,
      0.7348363129819991,
      -1.0,
      -1.0,
      0.7996443786845846,
      0.5818125370785585,
      -1.0,
      -1.0,
      -1.0,
      0.3187528766916375,
      -1.0,
      -1.0,
      -1.0,
      -1.0,
      0.2030703545255197,
      0.061541141133267634,
      -1.0,
      0.7996443786845846,
      -1.0,
      0.7996443786845846,
      -1.0,
      -1.0,
      0.7996443786845846,
      -1.0,
      -1.0,
      -1.0,
      0.7996443786845846,
      -1.0,
      -1.0,
      0.7784908980456575,
      0.633948677169767,
      -1.0,
      0.0932388971965081,
      -1.0,
      0.03623400475363877,
      -1.0,
      -1.0,
      -1.0,
      0.3363607908779336,
      0.7996443786845846,
      -1.0,
      0.7996443786845846,
      -1.0,
      0.5260464761949085,
      -1.0,
      0.7996443786845846,
      -1.0,
      0.7996443786845846,
      0.7996443786845846,
      -1.0,
      0.6767094767272421,
      0.7996443786845846,
      -1.0,
      0.7996443786845846,
      0.5961480570047015,
      -1.0,
      -1.0,
      0.7996443786845846,
      0.4387023249755785,
      0.505969800837295,
      0.2176070057942673,
      -1.0,
      0.7996443786845846,
      0.10884049109073529,
      0.7996443786845846,
      -1.0,
      0.18574138175565677,
      0.21817050720792586,
      0.40400198899164375,
      -1.0,
      -1.0,
      -1.0,
      -1.0,
      -1.0,
      -1.0,
      -1.0,
      -1.0,
      -1.0,
      0.5048924125991301,
      -1.0,
      -1.0,
      -1.0,
      0.5070573572540064,
      -1.0,
      -1.0,
      -1.0,
      0.7430371963615241,
      -1.0,
      0.7996443786845846,
      -1.0,
      -1.0,
      0.7996443786845846,
      0.7275895071106926,
      -1.0,
      -1.0,
      0.4263511033772735,
      0.7996443786845846,
      0.7996443786845846,
      -1.0,
      -1.0,
      -1.0,
      0.7996443786845846,
      -1.0,
      0.6563206654191157,
      -1.0,
      -1.0,
      -1.0,
      0.3967844397929106,
      0.7784908980456575,
      -1.0,
      -1.0,
      -1.0,
      0.7525390365960288,
      -1.0,
      0.10287999321570723,
      0.7525390365960288,
      -1.0,
      0.7996443786845846,
      0.7996443786845846,
      -1.0,
      -1.0,
      0.03109318586253933,
      -1.0,
      -1.0,
      -1.0,
      0.6836758893496957,
      -1.0,
      -1.0,
      -1.0,
      0.08007627240737489,
      0.7996443786845846,
      -1.0,
      -1.0,
      -1.0,
      0.451255139924823,
      0.09548151763236637,
      0.3461991199636189,
      -1.0,
      -1.0,
      -1.0,
      -1.0,
      0.7639456866020711,
      -1.0,
      -1.0,
      -1.0,
      -1.0,
      -1.0,
      -1.0,
      -1.0,
      -1.0,
      0.07861437629537593,
      0.5818125370785585,
      -1.0,
      0.3416283497223527,
      -1.0,
      -1.0,
      -1.0,
      -1.0,
      0.7996443786845846,
      -1.0,
      0.7996443786845846,
      -1.0,
      -1.0,
      -1.0,
      0.7996443786845846,
      -1.0,
      -1.0,
      -1.0,
      0.7430371963615241,
      -1.0,
      0.7996443786845846,
      0.7996443786845846,
      0.7996443786845846,
      -1.0,
      0.22062580271444251,
      0.7996443786845846,
      0.7996443786845846,
      0.7996443786845846,
      -1.0,
      -1.0,
      0.7784908980456575,
      0.7996443786845846,
      -1.0,
      -1.0,
      0.7784908980456575,
      0.7996443786845846,
      0.7996443786845846,
      0.5254015364020985,
      -1.0,
      -1.0,
      0.5936037367889884,
      -1.0,
      0.4743464139826431,
      -1.0,
      -1.0,
      0.5627069127251701,
      -1.0,
      -1.0,
      0.7639456866020711,
      0.2915764900889698,
      -1.0,
      -1.0,
      -1.0,
      0.7996443786845846,
      -1.0,
      -1.0,
      0.6130784536825001,
      0.7996443786845846,
      -1.0,
      -1.0,
      -1.0,
      -1.0,
      0.7996443786845846,
      -1.0,
      0.6282473352604903,
      -1.0,
      -1.0,
      -1.0,
      -1.0,
      -1.0,
      0.06368900990174048,
      -1.0,
      0.07154454588147023,
      -1.0,
      -1.0,
      -1.0,
      0.030396313829212616,
      0.7996443786845846,
      0.022874433128133916,
      -1.0,
      -1.0,
      0.31641017260222937,
      -1.0,
      -1.0,
      0.47187890367672647,
      0.6211833179949894,
      -1.0,
      0.7996443786845846,
      0.6056421340017006,
      0.7996443786845846,
      0.6874168892291687,
      0.5887115570399496,
      0.43374903224115013,
      0.7996443786845846,
      0.7996443786845846,
      0.7996443786845846,
      -1.0,
      0.7996443786845846,
      -1.0,
      0.2919618582148189,
      -1.0,
      0.7996443786845846,
      0.7996443786845846,
      0.7996443786845846,
      0.7639456866020711,
      0.7996443786845846,
      0.7996443786845846,
      -1.0,
      0.2648385849784026,
      0.7639456866020711,
      -1.0,
      -1.0,
      0.4441722507071409,
      -1.0,
      0.7639456866020711,
      -1.0,
      0.7996443786845846,
      -1.0,
      0.20360581149482207,
      -1.0,
      0.7996443786845846,
      -1.0,
      -1.0,
      -1.0,
      -1.0,
      0.6489554440091028,
      -1.0,
      -1.0,
      -1.0,
      -1.0,
      -1.0,
      -1.0,
      -1.0,
      -1.0,
      0.6874168892291687,
      0.6955205444683852,
      0.7996443786845846,
      -1.0,
      0.7996443786845846,
      0.7996443786845846,
      0.03223415030889254,
      -1.0,
      -1.0,
      0.6955205444683852,
      0.4682667563139543,
      -1.0,
      0.7996443786845846,
      0.22822602144788112,
      -1.0,
      -1.0,
      0.7784908980456575,
      -1.0,
      0.7996443786845846,
      0.7996443786845846,
      0.7784908980456575,
      0.7525390365960288,
      -1.0,
      0.6056421340017006,
      0.7996443786845846,
      -1.0,
      -1.0,
      -1.0,
      -1.0,
      -1.0,
      -1.0,
      -1.0,
      -1.0,
      0.7151489650449556,
      -1.0,
      0.7996443786845846,
      0.3162647114788475,
      -1.0,
      -1.0,
      -1.0,
      -1.0,
      -1.0,
      0.7996443786845846,
      0.7996443786845846,
      -1.0,
      0.7996443786845846,
      -1.0,
      0.30552005244571495,
      -1.0,
      -1.0,
      0.7996443786845846,
      0.7784908980456575,
      0.7996443786845846,
      0.7996443786845846,
      0.13907962254152237,
      0.6379712475011602,
      -1.0,
      -1.0,
