{
  "method": "trades-masked-pgdmasked",
  "model": "resnet18_10",
  "dataset": "cifar10",
  "comment": "resnet18_10 cifar10 TRADES masked PGD-masked evaluation",
  "run_eval_dir": "data/out/evaluation/resnet18_cifar10/last/20260513_105500_trades-masked-pgdmasked",
  "eval_metrics": {
    "clean_loss": 0.7334192144393921,
    "clean_acc": 0.7803,
    "noisy_loss": 1.3349634716033936,
    "noisy_acc": 0.529,
    "pgd_loss": 1.490681676864624,
    "pgd_acc": 0.4522,
    "fgsm_loss": 1.3587521127700806,
    "fgsm_acc": 0.4971
  },
  "cert_metrics": {
    "mode": "hard",
    "sigma": 0.25,
    "num_img": 500,
    "N0": 100,
    "N": 10000,
    "alpha": 0.001,
    "batch": 128,
    "cert_acc_000": 0.546,
    "avg_radius": 0.323080018078258,
    "median_radius": 0.7525390365960288,
    "radii": [
      -1.0,
      0.5427968666121084,
      0.4666941164163062,
      0.5048924125991301,
      0.7996443786845846,
      0.7996443786845846,
      0.17537056121588718,
      0.7275895071106926,
      0.2382748477346751,
      -1.0,
      0.2525825543232533,
      0.7996443786845846,
      -1.0,
      0.7996443786845846,
      0.7996443786845846,
      -1.0,
      0.5161518813658386,
      0.4355854359398514,
      0.6801126721928175,
      0.7996443786845846,
      0.28488364818250667,
      0.7996443786845846,
      -1.0,
      0.7996443786845846,
      -1.0,
      -1.0,
      -1.0,
      0.48030296574077547,
      0.6955205444683852,
      0.7996443786845846,
      0.7996443786845846,
      -1.0,
      -1.0,
      -1.0,
      0.7996443786845846,
      -1.0,
      -1.0,
      -1.0,
      0.7784908980456575,
      0.5427968666121084,
      0.09425726304122439,
      0.7996443786845846,
      0.5948673053991422,
      0.7996443786845846,
      -1.0,
      0.6359362700328686,
      0.10495199353112307,
      -1.0,
      -1.0,
      0.7996443786845846,
      0.7996443786845846,
      -1.0,
      -1.0,
      -1.0,
      0.7996443786845846,
      0.1319371176399506,
      -1.0,
      -1.0,
      -1.0,
      0.007839724723897594,
      -1.0,
      -1.0,
      0.26918947912462293,
      -1.0,
      0.7996443786845846,
      -1.0,
      0.18147077508053108,
      -1.0,
      -1.0,
      -1.0,
      -1.0,
      0.7996443786845846,
      0.5347960955282599,
      0.7784908980456575,
      -1.0,
      0.46246752261828505,
      0.1482366967351115,
      0.18263755122407108,
      -1.0,
      0.7639456866020711,
      0.7210768143394661,
      0.09439317136316597,
      0.5155616035108643,
      0.1286620826092623,
      0.7639456866020711,
      -1.0,
      0.6301063246464266,
      -1.0,
      0.7996443786845846,
      0.6320060939110094,
      0.37070592745732256,
      -1.0,
      0.7996443786845846,
      0.7996443786845846,
      -1.0,
      0.7996443786845846,
      0.7996443786845846,
      -1.0,
      0.7996443786845846,
      0.15166702602799118,
      0.41029849648455424,
      -1.0,
      0.7525390365960288,
      0.7996443786845846,
      0.7996443786845846,
      0.3271912436312119,
      -1.0,
      0.7996443786845846,
      0.6301063246464266,
      0.47900204661485113,
      -1.0,
      0.7996443786845846,
      0.3703091479088807,
      0.16562354007098862,
      -1.0,
      -1.0,
      0.5306703775282439,
      -1.0,
      -1.0,
      -1.0,
      0.11360025549731219,
      -1.0,
      -1.0,
      0.5216089873297869,
      -1.0,
      -1.0,
      -1.0,
      0.28538136779093076,
      -1.0,
      -1.0,
      -1.0,
      0.579618060957738,
      -1.0,
      0.7996443786845846,
      -1.0,
      -1.0,
      0.7996443786845846,
      0.39307266660603035,
      -1.0,
      -1.0,
      0.7639456866020711,
      0.7996443786845846,
      0.6379712475011602,
      -1.0,
      0.572302968090126,
      -1.0,
      0.7996443786845846,
      -1.0,
      0.7996443786845846,
      0.25648731805138203,
      0.04254194599661683,
      0.3273454816520319,
      0.7996443786845846,
      0.7996443786845846,
      0.1846474647094606,
      -1.0,
      0.4922035530280471,
      0.7996443786845846,
      -1.0,
      0.365045465860731,
      0.35994555192931177,
      0.22783594343875133,
      0.44450108074272754,
      0.7996443786845846,
      0.14778153882805284,
      -1.0,
      0.7996443786845846,
      -1.0,
      -1.0,
      -1.0,
      0.5573583188838833,
      0.5254015364020985,
      -1.0,
      -1.0,
      0.7784908980456575,
      0.7996443786845846,
      -1.0,
      -1.0,
      -1.0,
      0.16913672626091553,
      0.25550505184806027,
      0.699938959080172,
      -1.0,
      -1.0,
      -1.0,
      0.7430371963615241,
      0.7996443786845846,
      -1.0,
      -1.0,
      0.6913567089317129,
      -1.0,
      -1.0,
      -1.0,
      0.01273823781716312,
      -1.0,
      -1.0,
      0.7996443786845846,
      -1.0,
      0.7996443786845846,
      -1.0,
      -1.0,
      -1.0,
      -1.0,
      0.7996443786845846,
      -1.0,
      -1.0,
      -1.0,
      0.15551399005584046,
      0.27552221754246986,
      0.3727046159944209,
      -1.0,
      -1.0,
      0.7996443786845846,
      0.7996443786845846,
      -1.0,
      0.7996443786845846,
      0.7639456866020711,
      0.5070573572540064,
      -1.0,
      0.382449669996362,
      0.7996443786845846,
      0.7996443786845846,
      0.7996443786845846,
      -1.0,
      -1.0,
      0.5043574648128897,
      -1.0,
      -1.0,
      -1.0,
      0.7525390365960288,
      0.7996443786845846,
      0.7996443786845846,
      0.5911261582824705,
      -1.0,
      0.7996443786845846,
      0.7996443786845846,
      -1.0,
      -1.0,
      0.07121574438561708,
      0.7996443786845846,
      0.7996443786845846,
      -1.0,
      -1.0,
      0.7996443786845846,
      0.7996443786845846,
      -1.0,
      -1.0,
      -1.0,
      0.6767094767272421,
      -1.0,
      -1.0,
      0.5961480570047015,
      0.7996443786845846,
      0.07987674963108886,
      -1.0,
      0.4912450779383276,
      -1.0,
      0.7996443786845846,
      -1.0,
      0.7275895071106926,
      -1.0,
      0.45911072329196495,
      -1.0,
      -1.0,
      0.7996443786845846,
      0.7996443786845846,
      -1.0,
      0.6228968108827379,
      0.19908489351544417,
      0.42378156269704814,
      -1.0,
      -1.0,
      0.7996443786845846,
      0.15006251823935204,
      0.40326424333323435,
      0.11861707968568899,
      0.2234866436266523,
      -1.0,
      -1.0,
      0.27256779242033535,
      0.7996443786845846,
      -1.0,
      0.7996443786845846,
      0.7348363129819991,
      0.23939353138471842,
      0.7996443786845846,
      0.7996443786845846,
      -1.0,
      0.7996443786845846,
      0.5383588403320996,
      0.7996443786845846,
      -1.0,
      0.7996443786845846,
      -1.0,
      0.28021267387321536,
      -1.0,
      0.7525390365960288,
      0.7996443786845846,
      0.7996443786845846,
      0.7996443786845846,
      0.7996443786845846,
      0.7996443786845846,
      -1.0,
      -1.0,
      0.7784908980456575,
      -1.0,
      -1.0,
      0.17939743753342388,
      0.0950051291783819,
      0.7996443786845846,
      0.146721496280358,
      0.7996443786845846,
      -1.0,
      0.7996443786845846,
      -1.0,
      0.7996443786845846,
      -1.0,
      -1.0,
      -1.0,
      -1.0,
      0.1505202847814059,
      0.46284600081315586,
      -1.0,
      -1.0,
      -1.0,
      -1.0,
      -1.0,
      -1.0,
      0.39445391932174667,
      0.7784908980456575,
      0.7996443786845846,
      0.7996443786845846,
      -1.0,
      0.7996443786845846,
      0.7996443786845846,
      0.7525390365960288,
      -1.0,
      0.6836758893496957,
      0.7996443786845846,
      0.14816080130529094,
      -1.0,
      0.7996443786845846,
      -1.0,
      -1.0,
      -1.0,
      0.7996443786845846,
      -1.0,
      0.7996443786845846,
      0.7996443786845846,
      0.5664359561987167,
      0.7996443786845846,
      -1.0,
      -1.0,
      0.7996443786845846,
      -1.0,
      -1.0,
      -1.0,
      -1.0,
      -1.0,
